year,age,race_ethn,var,pop,m,q,p,lx,d,L,t,e,c,s,se,c_mn,se_tot,c_upr,c_lwr
2004,0,AI/AN,13573,61748,0.2198127874587031,0.19804623948522276,0.8019537605147773,100000,19804.623948522276,90097.68802573887,997192.1862733138,9.971921862733138,0,1,0,0,0,0,0
2004,1,AI/AN,5853,59956,0.09762158916538795,0.09307836043414305,0.9069216395658569,80195.37605147772,7464.454117271089,76463.14899284218,907094.4982475749,11.3110573565402,0.1980462394852227,0.8019537605147773,0.003379416572273643,0.1977490622742905,0.0033859706395016555,0.20438556472771374,0.19111255982086728
2004,2,AI/AN,4906,58962,0.08320613276347479,0.07988276479687373,0.9201172352031263,72730.92193420664,5809.947130330009,69825.94836904164,830631.3492547328,11.420608005026157,0.2726907806579336,0.7273092193420664,0.0030648660185024408,0.2725818239855371,0.0030677349204032193,0.2785945844295274,0.2665690635415468
2004,3,AI/AN,4141,59991,0.06902702071977464,0.06672413654197853,0.9332758634580215,66920.97480387663,4465.244260336171,64688.35267370854,760805.4008856912,11.368713667357083,0.3307902519612337,0.6692097480387663,0.0028200360472124797,0.3307854905803112,0.002828131466107207,0.3363286282538813,0.3252423529067411
2004,4,AI/AN,3566,58604,0.06084908879939936,0.05905244506267905,0.940947554937321,62455.730543540456,3688.163596771912,60611.648745154496,696117.0482119826,11.14576744445717,0.37544269456459545,0.6245573054354046,0.0026318715769449723,0.37543407815707963,0.0026404115573334433,0.38060928480945316,0.3702588715047061
2004,5,AI/AN,3133,57885,0.05412455731191155,0.052698418038232844,0.9473015819617672,58767.566946768544,3096.9578100506333,57219.08804174323,635505.3994668282,10.813879704131137,0.41232433053231454,0.5876756694676855,0.0024764531252354028,0.4124627168946823,0.002493450329932438,0.41734987954134983,0.4075755542480147
2004,6,AI/AN,2784,57098,0.04875827524606816,0.04759787997948368,0.9524021200205163,55670.60913671791,2649.802972074256,54345.70765068078,578286.3114250848,10.387641169955735,0.4432939086328209,0.5567060913671791,0.0023459479631896597,0.4433364787061225,0.0023602663333422047,0.44796260071947325,0.4387103566927718
2004,7,AI/AN,2506,57494,0.04358715692072216,0.04265749740412276,0.9573425025958773,53020.806164643654,2261.734901332784,51889.93871397726,523940.60377440404,9.88179248251016,0.4697919383535635,0.5302080616464365,0.0022342858135996437,0.4699606585000099,0.002253306481075171,0.47437713920291724,0.46554417779710255
2004,8,AI/AN,2206,59046,0.037360701825695224,0.036675588954097324,0.9633244110459027,50759.07126331087,1861.6188333449172,49828.261846638416,472050.6650604268,9.299828647606274,0.49240928736689127,0.5075907126331087,0.0021389767723059487,0.4925001864211354,0.0021516983801025463,0.4967175152461364,0.48828285759613443
2004,9,AI/AN,1973,60058,0.03285157680908455,0.03232068409111386,0.9676793159088861,48897.45242996595,1580.399112849198,48107.25287354135,422222.4032137884,8.634854828449852,0.5110254757003405,0.4889745242996595,0.002060528539422494,0.5110434710132493,0.0020704887779757226,0.5151016290180818,0.5069853130084169
2004,10,AI/AN,1895,65242,0.029045706753318416,0.028629918642685017,0.971370081357315,47317.053317116755,1354.6833868806425,46639.711623676434,374115.150340247,7.90656061849296,0.5268294668288325,0.47317053317116753,0.001993930847439095,0.5268846795780217,0.002010605647266176,0.5308254666466634,0.5229438925093799
2004,11,AI/AN,1744,65855,0.026482423506187836,0.026136346606321276,0.9738636533936788,45962.36993023611,1201.288431344612,45361.72571456381,327475.4387165707,7.124859732290319,0.5403763006976389,0.45962369930236113,0.0019368447694977742,0.5403820183481726,0.001953824653951072,0.5442115146699167,0.5365525220264284
2004,12,AI/AN,1969,68814,0.02861336355974075,0.028209775281703764,0.9717902247182962,44761.0814988915,1262.7000504497555,44129.73147366662,282113.7130020069,6.302656315598481,0.5523891850110849,0.4476108149889151,0.0018862227232795401,0.5523553258443459,0.0019021287112411596,0.5560834981183785,0.5486271535703132
2004,13,AI/AN,2100,69494,0.030218436123981927,0.029768655023814924,0.9702313449761851,43498.381448441745,1294.8883114329656,42850.93729272526,237983.9815283402,5.471099696213307,0.5650161855155825,0.4349838144844175,0.0018330128041245807,0.5648719923924251,0.0018465905710489824,0.5684913099116812,0.5612526748731691
2004,14,AI/AN,2409,70135,0.03434804305981322,0.03376810883171315,0.9662318911682869,42203.49313700878,1425.1321493289724,41490.92706234429,195133.04423561497,4.623623063667693,0.5779650686299123,0.42203493137008774,0.0017784464783043605,0.5777984458602494,0.0017875598714932515,0.5813020632083762,0.5742948285121227
2004,15,AI/AN,2567,68816,0.037302371541501976,0.03661937674305808,0.963380623256942,40778.36098767981,1493.278163972267,40031.721905693674,153642.1171732707,3.767736452666402,0.5922163901232019,0.40778360987679807,0.001718391704073602,0.5920518884364206,0.0017313355808913616,0.5954453061749677,0.5886584706978736
2004,16,AI/AN,2200,68355,0.03218491697754371,0.03167518537182348,0.9683248146281765,39285.08282370754,1244.362280788373,38662.90168331335,113610.39526757695,2.8919474543914157,0.6071491717629246,0.3928508282370754,0.0016554652708699854,0.6069232644717095,0.0016712051303245522,0.6101988265271456,0.6036477024162734
2004,17,AI/AN,1322,67518,0.01957996386148879,0.01939013479223808,0.9806098652077619,38040.72054291917,755.965001049779,37662.73804239428,74947.4935842636,1.9701912191622302,0.6195927945708084,0.3804072054291916,0.0016030281015385623,0.6193116238001504,0.0016276217842408245,0.6225017624972624,0.6161214851030383
2004,18,AI/AN,33,67067,4.920452681646711e-4,4.919242436664754e-4,0.9995080757563335,37284.75554186939,-0,37284.75554186939,37284.75554186939,1,0.6271524445813061,0.37284755541869385,0.0015711718926348646,0.6268181261716121,0.0016078189606950387,0.6299694513345744,0.6236668010086499
2012,0,AI/AN,12167,77374,0.15724920515935586,0.14578677770122517,0.8542132222987748,100000,14578.677770122522,92710.66111493873,1220725.388323562,12.20725388323562,0,1,0,0,0,0,0
2012,1,AI/AN,4753,75665,0.0628163615938677,0.06090349365401742,0.9390965063459826,85421.32222987748,5202.456956345108,82820.09375170493,1128014.7272086232,13.205306330578924,0.14578677770122517,0.8542132222987748,0.002583129435793803,0.14543116012743207,0.0026144778530126584,0.15055553671933689,0.14030678353552725
2012,2,AI/AN,4069,77350,0.05260504201680672,0.051256857446982725,0.9487431425530173,80218.86527353237,4111.766941884169,78162.98180259028,1045194.6334569183,13.029287186910292,0.1978113472646763,0.8021886527353237,0.00242580782859343,0.19756865511008276,0.002467501972170673,0.20240495897553729,0.19273235124462823
2012,3,AI/AN,3491,76895,0.04539957084335783,0.04439188458872973,0.9556081154112702,76107.0983316482,3378.5375255216204,74417.82956888739,967031.651654328,12.706195254486529,0.23892901668351796,0.761070983316482,0.0023014685425294416,0.23868301788340504,0.002336308471623851,0.24326218248778778,0.2341038532790223
2012,4,AI/AN,3181,79340,0.04009326947315352,0.03930532988181217,0.9606946701181879,72728.56080612658,2858.6200743142545,71299.25076896945,892613.8220854406,12.273222681593992,0.27271439193873415,0.7272856080612659,0.002199302016604883,0.2724812271280304,0.0022246390847280926,0.2768415197340975,0.26812093452196334
2012,5,AI/AN,2796,79917,0.03498629828447014,0.034384799852425756,0.9656152001475743,69869.94073181233,2402.4639277642127,68668.70876793022,821314.5713164713,11.754905796599887,0.3013005926818767,0.6986994073181233,0.002112857725332493,0.3011700060486087,0.0021351999736770417,0.3053549979970157,0.2969850141002017
2012,6,AI/AN,2484,78298,0.03172494827454086,0.031229570027659043,0.968770429972341,67467.47680404811,2106.980291441476,66413.98665832737,752645.862548541,11.15568416371222,0.3253252319595189,0.6746747680404811,0.0020402075353302836,0.3253714187704368,0.002061614454819001,0.32941218310188203,0.32133065443899156
2012,7,AI/AN,2316,77851,0.029749136170376746,0.029313116227265252,0.9706868837727347,65360.49651260664,1915.9198309458006,64402.53659713374,686231.8758902136,10.499183949097667,0.34639503487393364,0.6536049651260664,0.001976492731234729,0.3465666280477547,0.002015191172144502,0.3505164027451579,0.34261685335035147
2012,8,AI/AN,2029,75864,0.026745228303279554,0.026392294334566885,0.9736077056654331,63444.57668166084,1674.4479417143957,62607.352710803636,621829.3392930799,9.801142537575236,0.36555423318339164,0.6344457668166084,0.0019185555700817006,0.36575827505589026,0.0019584855319217096,0.3695969066984568,0.3619196434133237
2012,9,AI/AN,1825,74670,0.024440873175304675,0.024145800945986173,0.9758541990540138,61770.12873994644,1491.4892329626891,61024.3841234651,559221.9865822762,9.053275393622906,0.3822987126005356,0.6177012873994644,0.0018679204867788814,0.3825169315491217,0.0018974021212372412,0.3862358397067467,0.3787980233914967
2012,10,AI/AN,1602,74206,0.021588550791041154,0.021358006586051966,0.9786419934139481,60278.63950698375,1287.4315795884104,59634.92371718955,498197.60245881113,8.264911194637879,0.39721360493016244,0.6027863950698376,0.001822818050522189,0.39752338699644807,0.001856150604399603,0.4011614421810713,0.39388533181182483
2012,11,AI/AN,1477,74869,0.019727791208644433,0.01953509903118077,0.9804649009688192,58991.20792739534,1152.3990888306362,58415.00838298003,438562.67874162155,7.434373598204528,0.4100879207260466,0.5899120792739534,0.0017838862905939616,0.41037361081900703,0.0018138720639228707,0.41392880006429583,0.4068184215737182
2012,12,AI/AN,1416,76532,0.01850206449589714,0.018332470222682546,0.9816675297773174,57838.808838564706,1060.328240748422,57308.644718190495,380147.6703586416,6.572536295131543,0.42161191161435296,0.578388088385647,0.001749037895246843,0.42195842594447786,0.001779488304895013,0.4254462230220721,0.41847062886688363
2012,13,AI/AN,1445,74497,0.01939675423171403,0.019210444100266556,0.9807895558997335,56778.480597816284,1090.7398276224267,56233.11068400507,322839.0256404511,5.685939853291312,0.43221519402183717,0.5677848059781628,0.0017169737101138866,0.432521248305547,0.00174582577156543,0.43594306681781525,0.42909942979327875
2012,14,AI/AN,1478,74349,0.019879218281348775,0.01968357127636906,0.9803164287236309,55687.74077019386,1096.1336146700633,55139.673962858826,266605.91495644604,4.7875153717700005,0.4431225922980614,0.5568774077019386,0.0016839898826341165,0.44338390112250065,0.001716749493770029,0.44674873013028993,0.44001907211471136
2012,15,AI/AN,1421,73724,0.019274591720470944,0.019090609865049134,0.9809093901349508,54591.607155523794,1042.1870741121384,54070.513618467725,211466.24099358718,3.8736035081573927,0.4540839284447621,0.5459160715552379,0.0016508429477506037,0.4543166389646533,0.0016700219826542835,0.4575898820506557,0.4510433958786509
2012,16,AI/AN,1271,73706,0.01724418636203294,0.017096776363134992,0.982903223636865,53549.420081411656,915.5224595074615,53091.65885165792,157395.7273751194,2.9392611000423403,0.4645057991858834,0.5354942008141166,0.001619327349086629,0.4647761735529653,0.001640450766514499,0.46799145705533374,0.46156089005059686
2012,17,AI/AN,907,75202,0.01206084944549347,0.011988553376819927,0.9880114466231801,52633.897621904194,642.4844802312437,52312.65538178857,104304.06852346154,1.98168999895714,0.4736610237809581,0.5263389762190419,0.0015916420715405867,0.47389110395334433,0.001604886336904523,0.4770366811736772,0.47074552673301145
2012,18,AI/AN,17,76998,2.207849554533884e-4,2.2076058514540982e-4,0.9997792394148546,51991.41314167295,-0,51991.41314167295,51991.41314167295,1,0.4800858685832705,0.5199141314167295,0.0015722134262140745,0.48021657792550837,0.0015840085002998103,0.483321234586096,0.47711192126492075
2004,0,Asian/PI,5652,211877,0.026675854387215224,0.026324736962222234,0.9736752630377777,100000,2632.473696222223,98683.76315188888,1733773.9979926974,17.337739979926972,0,1,0,0,0,0,0
2004,1,Asian/PI,2149,208507,0.0103066084112284,0.010253767627390777,0.9897462323726092,97367.52630377778,998.3839891727985,96868.33430919138,1635090.2348408087,16.79297294397186,0.02632473696222226,0.9736752630377777,8.847415871277694e-4,0.026315540876236488,8.897944830166105e-4,0.028059538062949044,0.024571543689523932
2004,2,Asian/PI,1818,202566,0.008974852640620834,0.008934758569848874,0.9910652414301512,96369.14231460498,861.0350201644032,95938.62480452278,1538221.9005316172,15.961768088689277,0.03630857685395017,0.9636914231460498,8.756696524830724e-4,0.03623938530554005,8.826621767959033e-4,0.03796940317206002,0.03450936743902008
2004,3,Asian/PI,1651,208085,0.00793425763510104,0.007902905789799937,0.9920970942102001,95508.10729444058,754.7915741100587,95130.71150738554,1442283.2757270944,15.101160692889662,0.044918927055594304,0.9550810729444057,8.678457555511926e-4,0.044841868763463744,8.712345340484406e-4,0.046549488450198684,0.0431342490767288
2004,4,Asian/PI,1564,192471,0.008125899486156355,0.008093017960911343,0.9919069820390887,94753.31572033052,766.8402859805501,94369.89557734024,1347152.5642197088,14.21747148348773,0.05246684279669489,0.9475331572033051,8.609872523049939e-4,0.052350315923248215,8.660853354443897e-4,0.054047843180719216,0.050652788665777215
2004,5,Asian/PI,1415,184837,0.007655393671180554,0.00762620287855474,0.9923737971214452,93986.47543434997,716.7599295026448,93628.09546959864,1252782.6686423686,13.329393009502136,0.0601352456565003,0.9398647543434997,8.540192670079738e-4,0.060008917144347064,8.593532164889102e-4,0.061693249448665326,0.0583245848400288
2004,6,Asian/PI,1379,185084,0.0074506710466598946,0.007423017814704465,0.9925769821852956,93269.71550484732,692.3427597648988,92923.54412496487,1159154.57317277,12.427984441665071,0.06730284495152683,0.9326971550484732,8.475063428155764e-4,0.06722693827013815,8.513815662111734e-4,0.06889564613991205,0.06555823040036425
2004,7,Asian/PI,1206,186955,0.006450750180524725,0.006430010983269175,0.9935699890167308,92577.37274508242,595.2735235530854,92279.73598330587,1066231.0290478051,11.517188244083561,0.0742262725491758,0.9257737274508242,8.412152881347814e-4,0.07418794631535346,8.449535566897355e-4,0.07584405528646533,0.07253183734424158
2004,8,Asian/PI,1194,188923,0.006320035146594115,0.006300126635711271,0.9936998733642888,91982.09922152934,579.4988733141945,91692.34978487223,973951.2930644993,10.588487339464157,0.08017900778470666,0.9198209922152933,8.358062645927808e-4,0.08010845384723198,8.392930982796115e-4,0.08175346831986001,0.07846343937460394
2004,9,Asian/PI,1119,187448,0.005969655584482096,0.005951890217145593,0.9940481097828544,91402.60034821514,544.0182428342086,91130.59122679805,882258.9432796269,9.652449054168022,0.08597399651784854,0.9140260034821515,8.305405792829255e-4,0.0859203381782467,8.335663559963119e-4,0.08755412823599946,0.08428654812049392
2004,10,Asian/PI,1121,191349,0.005858405322212293,0.005841294985396763,0.9941587050146032,90858.58210538093,530.7317800324236,90593.21621536472,791128.3520528289,8.7072495929471,0.09141417894619064,0.9085858210538094,8.25597292934149e-4,0.09133175431061372,8.291890375258506e-4,0.09295696482416438,0.08970654379706305
2004,11,Asian/PI,1094,190080,0.005755471380471381,0.005738956181443343,0.9942610438185566,90327.85032534851,518.3875749811414,90068.65653785794,700535.1358374642,7.755472241553772,0.09672149674651487,0.9032785032534851,8.207747356069756e-4,0.09667354481264925,8.239039827735051e-4,0.09828839661888532,0.09505869300641319
2004,12,Asian/PI,1270,191671,0.006625937152725242,0.006604058115711417,0.9933959418842886,89809.46275036737,593.1069113442645,89512.90929469524,610466.4792996062,6.797351421602943,0.10190537249632636,0.8980946275036736,8.160643453644915e-4,0.10183879446836934,8.200246481619671e-4,0.10344604277876679,0.10023154615797189
2004,13,Asian/PI,1585,191835,0.008262308754919592,0.008228316309976507,0.9917716836900234,89216.3558390231,734.100395866888,88849.30564108965,520953.57000491105,5.839215972292008,0.10783644160976891,0.8921635583902311,8.106750090015443e-4,0.10780381853550083,8.152591988731066e-4,0.10940172656529212,0.10620591050570954
2004,14,Asian/PI,1900,194128,0.00978735679551636,0.009739693866043325,0.9902603061339567,88482.25544315622,861.7900805934041,88051.36040285951,432104.26436382136,4.883513221941079,0.11517744556843779,0.8848225544315622,8.040045186028866e-4,0.11512848722913223,8.058866590977902e-4,0.1167080250809639,0.11354894937730056
2004,15,Asian/PI,2111,193789,0.01089329115687681,0.010834280669970157,0.9891657193300298,87620.46536256281,949.3047141714051,87145.8130054771,344052.90396096173,3.9266272158828732,0.12379534637437184,0.8762046536256282,7.961737607247788e-4,0.12377846218293465,7.972420811599218e-4,0.1253410566620081,0.1222158677038612
2004,16,Asian/PI,1982,192256,0.010309171105193075,0.01025630410821384,0.9897436958917861,86671.16064839141,888.9257810217532,86226.69775788052,256907.09095548475,2.9641588855341223,0.1332883935160859,0.8667116064839141,7.875477907390209e-4,0.13326006124248438,7.91254410640232e-4,0.13481091988733923,0.13170920259762953
2004,17,Asian/PI,1277,189743,0.006730156053187733,0.006707584507948514,0.9932924154920515,85782.23486736965,589.3843580900866,85487.54268832461,170680.39319760425,1.9896939437576795,0.14217765132630344,0.8578223486736966,7.794704610974496e-4,0.14221743012410148,7.848859285363454e-4,0.14375580654403272,0.14067905370417025
2004,18,Asian/PI,33,200932,1.6423466645432285e-4,1.642211810488757e-4,0.9998357788189511,85192.85050927957,-0,85192.85050927957,85192.85050927957,1,0.14807149490720428,0.8519285050927957,7.74114950156584e-4,0.14819046410933126,7.794674063611131e-4,0.14971822022579903,0.1466627079928635
2012,0,Asian/PI,4020,227262,0.017688834913007895,0.017533759028577414,0.9824662409714225,100000,1753.3759028577479,99123.31204857113,1800179.1829996854,18.001791829996854,0,1,0,0,0,0,0
2012,1,Asian/PI,1394,227844,0.006118221239093414,0.006099562004191807,0.9939004379958082,98246.62409714225,599.2613753830374,97946.99340945073,1701055.8709511142,17.314140679980817,0.017533759028577456,0.9824662409714225,6.040694369339026e-4,0.01754499829654328,6.068764135883373e-4,0.01873447606717642,0.016355520525910137
2012,2,Asian/PI,1278,239737,0.005330841714044974,0.0053166705494724934,0.9946833294505275,97647.36272175921,519.1588576164504,97387.78329295099,1603108.8775416636,16.41732897702147,0.02352637278240788,0.9764736272175921,6.00384877948487e-4,0.023572686674005916,6.011199708500789e-4,0.024750881816872072,0.02239449153113976
2012,3,Asian/PI,1187,240601,0.0049334790794718225,0.004921339416943587,0.9950786605830564,97128.20386414276,478.000858173531,96889.203435056,1505721.0942487125,15.50240851107292,0.028717961358572408,0.9712820386414276,5.971928293495496e-4,0.028738100499713017,5.978368092021246e-4,0.02990986064574918,0.027566340353676853
2012,4,Asian/PI,1102,250110,0.004406061333013474,0.004396375981903846,0.9956036240180961,96650.20300596923,424.9106311415817,96437.74769039845,1408831.8908136566,14.5766056045081,0.033497969940307626,0.9665020300596924,5.942538407389557e-4,0.033488283494701544,5.957245303789381e-4,0.034655903574244265,0.032320663415158823
2012,5,Asian/PI,1094,246396,0.0044400071429731005,0.004430172144988925,0.995569827855011,96225.29237482765,426.2946099223773,96012.14506986647,1312394.1431232581,13.638764931064816,0.037747076251723466,0.9622529237482765,5.916412774263767e-4,0.03772281170165552,5.941849817473767e-4,0.03888741426588038,0.03655820913743066
2012,6,Asian/PI,992,244012,0.004065373834073734,0.004057126965170874,0.9959428730348291,95798.99776490527,388.6686970683513,95604.6634163711,1216381.9980533915,12.69723093594824,0.04201002235094731,0.9579899776490527,5.890202047192967e-4,0.04197653281607787,5.933667385903589e-4,0.04313953162371497,0.04081353400844077
2012,7,Asian/PI,963,247420,0.003892167165144289,0.003884607394469174,0.9961153926055308,95410.32906783692,370.6316698056471,95225.0132329341,1120777.3346370205,11.746918238172574,0.04589670932163081,0.9541032906783692,5.866304749636995e-4,0.04585397203598156,5.891204408402287e-4,0.04700864810002841,0.044699295971934706
2012,8,Asian/PI,849,246984,0.00343746963366048,0.003431571671951449,0.9965684283280486,95039.69739803128,326.13553330191644,94876.62963138032,1025552.3214040864,10.790778479744302,0.049603026019687246,0.9503969739803128,5.843516458828347e-4,0.04957428390570271,5.865187283130009e-4,0.05072386061319619,0.04842470719820923
2012,9,Asian/PI,813,244811,0.003320929206612448,0.0033154240623120288,0.996684575937688,94713.56186472936,314.01562203360663,94556.55405371255,930675.6917727061,9.82621362188769,0.052864381352706435,0.9471356186472936,5.823464013283649e-4,0.05287025112631853,5.854786649037792e-4,0.05401778930952994,0.051722712943107124
2012,10,Asian/PI,751,233348,0.003218369131083189,0.0032131985016483153,0.9967868014983516,94399.54624269575,303.324480543306,94247.8840024241,836119.1377189935,8.857236830030725,0.05600453757304247,0.9439954624269575,5.804156760568001e-4,0.05602503960582417,5.854321051587779e-4,0.05717248653193537,0.05487759267971296
2012,11,Asian/PI,747,240508,0.0031059257904102982,0.0031011098818298625,0.9968988901181701,94096.22176215245,291.80272314947797,93950.32040057771,741871.2537165694,7.884176854537279,0.05903778237847557,0.9409622176215244,5.785506852761612e-4,0.059056605763550075,5.832114670059685e-4,0.06019970023888177,0.05791351128821838
2012,12,Asian/PI,751,235849,0.0031842407642177833,0.003179179128329195,0.9968208208716708,93804.41903900297,298.2210511538433,93655.30851342605,647920.9333159917,6.907147232014649,0.06195580960997027,0.9380441903900297,5.767565360289118e-4,0.061968333846758504,5.822676763711368e-4,0.06310957849244593,0.06082708920107108
2012,13,Asian/PI,860,226043,0.003804585853134138,0.0037973621579614346,0.9962026378420386,93506.19798784913,355.07689777390624,93328.65953896218,554265.6248025657,5.9275816654912115,0.06493802012150873,0.9350619798784913,5.749229236874413e-4,0.06499887171135625,5.803033935586858e-4,0.06613626636273127,0.06386147705998123
2012,14,Asian/PI,892,228124,0.003910154126703021,0.0039025243907774426,0.9960974756092226,93151.12109007522,363.5245220822835,92969.35882903408,460936.96526360355,4.948270722559388,0.06848878909924783,0.9315112109007522,5.72739733133286e-4,0.06851644453178962,5.76088374492011e-4,0.06964557774579397,0.06738731131778528
2012,15,Asian/PI,1057,230235,0.004590961408995157,0.004580447081102515,0.9954195529188975,92787.59656799294,425.0086758623802,92575.09223006174,367967.60643456946,3.9656982187800285,0.07212403432007064,0.9278759656799294,5.70504602355166e-4,0.07215809034487859,5.722082989581542e-4,0.07327961861083658,0.0710365620789206
2012,16,Asian/PI,1153,233938,0.0049286563106464105,0.004916540341855195,0.9950834596581448,92362.58789213056,454.1043894497998,92135.53569740566,275392.5142045077,2.9816457127223,0.07637412107869446,0.9236258789213055,5.678914362145527e-4,0.07636790326249572,5.726874313468684e-4,0.07749037062793558,0.07524543589705586
2012,17,Asian/PI,946,236235,0.004004487057379305,0.0039964851209084605,0.9960035148790916,91908.48350268076,373.3256655062578,91721.82066992763,183256.978507102,1.993907107625781,0.0809151649731924,0.9190848350268076,5.650993750586098e-4,0.0808586865372567,5.720769064709968e-4,0.08197995727393985,0.07973741580057354
2012,18,Asian/PI,16,243502,6.57078791960641e-5,6.570572050429141e-5,0.9999342942794958,91535.1578371745,-0,91535.1578371745,91535.1578371745,1,0.08464842162825503,0.915351578371745,5.628039819432967e-4,0.08461788521630724,5.713624866821283e-4,0.08573775569020421,0.08349801474241027
2004,0,Black,114942,631136,0.18211922628403387,0.1669195927430305,0.8330804072569695,100000,16691.95927430305,91654.02036284847,1152392.0200489264,11.523920200489263,0,1,0,0,0,0,0
2004,1,Black,41508,617670,0.06720093253679149,0.0650163527686929,0.9349836472313071,83308.04072569695,5416.384964290541,80599.84824355168,1060737.9996860777,12.732720520684213,0.16691959274303048,0.8330804072569695,9.703497782237473e-4,0.16690308481242783,9.741216475973e-4,0.16881236324171853,0.16499380638313713
2004,2,Black,34037,623792,0.054564662579834305,0.05311554663976324,0.9468844533602367,77891.65576140641,4137.25787444337,75823.02682418472,980138.1514425261,12.583352374031351,0.2210834423859359,0.7789165576140641,9.072611747337292e-4,0.2210558857296997,9.127309347930072e-4,0.222844838361894,0.2192669330975054
2004,3,Black,29349,641787,0.04573012541544157,0.04470787700421122,0.9552921229957888,73754.39788696304,3297.402549249993,72105.69661233804,904315.1246183414,12.26116883232247,0.2624560211303696,0.7375439788696304,8.590715014927134e-4,0.2624509924936044,8.619071557101247e-4,0.2641403305187962,0.26076165446841254
2004,4,Black,25692,624421,0.041145317021688894,0.04031591154100243,0.9596840884589976,70456.99533771304,2840.537991480058,69036.72634197302,832209.4280060035,11.811594065529961,0.29543004662286954,0.7045699533771305,8.206642384661542e-4,0.2954671984293816,8.257062030313328e-4,0.297085582587323,0.29384881427144016
2004,5,Black,24112,620588,0.03885347444681496,0.038113062006436486,0.9618869379935635,67616.45734623299,2577.070231492551,66327.92223048671,763172.7016640304,11.286789216953082,0.32383542653767017,0.6761645734623298,7.875784116232886e-4,0.3238810468910663,7.920339213973522e-4,0.3254334333770051,0.3223286604051275
2004,6,Black,22544,627722,0.03591398740206652,0.035280456467509866,0.9647195435324901,65039.387114740435,2294.6192657751235,63892.07748185287,696844.7794335437,10.714196586818877,0.3496061288525957,0.6503938711474043,7.575613867861593e-4,0.3496296725387691,7.614335631647289e-4,0.35112208232257197,0.3481372627549662
2004,7,Black,20922,631309,0.033140664872510925,0.032600464340807454,0.9673995356591926,62744.76784896531,2045.5085668324318,61722.013565549096,632952.7019516908,10.087736773132844,0.3725523215103469,0.6274476784896531,7.308342752581838e-4,0.37258563216229484,7.352923073439418e-4,0.374026805084689,0.3711444592399007
2004,8,Black,18713,643092,0.029098480466247443,0.028681190929245755,0.9713188090707543,60699.25928213288,1740.9270447346425,59828.79575976556,571230.6883861417,9.410834582528196,0.3930074071786712,0.6069925928213288,7.070087385285896e-4,0.3929882757951931,7.107925809706878e-4,0.39438142925389563,0.3915951223364905
2004,9,Black,17500,671905,0.026045348672803448,0.025710528828848684,0.9742894711711513,58958.33223739824,1515.8499006904676,58200.40728705301,511401.8926263762,8.673954523801566,0.41041667762601763,0.5895833223739824,6.86730885910206e-4,0.41041166650926,6.905485313145986e-4,0.4117651416306366,0.40905819138788335
2004,10,Black,16887,709490,0.02380160396904819,0.023521677146978098,0.9764783228530219,57442.48233670777,1351.14352404503,56766.91057468526,453201.4853393231,7.889657043071612,0.4255751766329223,0.5744248233670777,6.690746716703508e-4,0.42556978229417064,6.717888633838808e-4,0.42688648846640304,0.42425307612193824
2004,11,Black,17021,722048,0.023573225048750222,0.02329861332117825,0.9767013866788218,56091.33881266274,1306.8504136634292,55437.913605831025,396434.5747646379,7.067661124807062,0.4390866118733726,0.5609133881266274,6.533369132561004e-4,0.43909589327200305,6.559250844354226e-4,0.44038150643749646,0.43781028010650963
2004,12,Black,19200,730532,0.026282216247885102,0.025941318575605433,0.9740586814243946,54784.48839899931,1421.181866559993,54073.89746571932,340996.66115880694,6.224328658055618,0.4521551160100069,0.5478448839899931,6.381150691456943e-4,0.45217935643864404,6.417810243522722e-4,0.4534372472463745,0.45092146563091356
2004,13,Black,23388,738626,0.031664198119210535,0.031170700501119523,0.9688292994988805,53363.30653243932,1663.3716456721086,52531.62070960326,286922.76369308756,5.376780082371179,0.46636693467560686,0.5336330653243931,6.215615228490915e-4,0.4663810491397995,6.248353770454652e-4,0.4676057264788086,0.4651563718007904
2004,14,Black,28952,746497,0.03878381292892001,0.0380460279142624,0.9619539720857376,51699.93488676721,1966.9771658674945,50716.446303833465,234391.14298348426,4.533683523912475,0.48300065113232793,0.5169993488676721,6.021870147773427e-4,0.4830288873643779,6.055943037261907e-4,0.4842158521996812,0.48184192252907454
2004,15,Black,33918,709790,0.04778596486284676,0.04667085885223097,0.953329141147769,49732.957720899714,2321.079850096081,48572.417795851674,183674.6966796509,3.6932188451454935,0.5026704227910028,0.4973295772089972,5.792761908035175e-4,0.5026997163870376,5.835145226031265e-4,0.5038434048513397,0.5015560279227355
2004,16,Black,31124,686379,0.045345210153574046,0.04433990890972319,0.9556600910902768,47411.87787080363,2102.2383460303536,46360.75869778846,135102.2788837992,2.8495449864261877,0.5258812212919637,0.4741187787080363,5.522408734660685e-4,0.5259254533831943,5.57187476272491e-4,0.5270175408366884,0.5248333659297002
2004,17,Black,18048,666372,0.027083971115232933,0.026722100811968092,0.9732778991880319,45309.63952477328,1251.8392423572514,44683.719903594654,88741.52018601082,1.9585571882003372,0.5469036047522672,0.4530963952477328,5.277545634403572e-4,0.5469378156580036,5.355047827081391e-4,0.5479874050321115,0.5458882262838957
2004,18,Black,618,663260,9.317613002442481e-4,9.313274128236853e-4,0.9990686725871764,44057.80028241603,-0,44057.80028241603,44057.80028241603,1,0.5594219971758397,0.44057800282416026,5.131734747409747e-4,0.5594396647082834,5.195356833520414e-4,0.5604579546476535,0.5584213747689134
2012,0,Black,77714,669168,0.11613526050259426,0.10976166095829948,0.8902383390417006,100000,10976.166095829947,94511.91695208503,1361471.1588166996,13.614711588166996,0,1,0,0,0,0,0
2012,1,Black,29779,672414,0.0442867043220397,0.04332729281896571,0.9566727071810343,89023.83390417005,3857.1617194329447,87095.25304445358,1266959.2418646147,14.231685901423166,0.10976166095829942,0.8902383390417006,8.055535309309952e-4,0.1097477753657424,8.097096495307242e-4,0.11133480627882263,0.10816074445266217
2012,2,Black,25041,673163,0.03719901420606896,0.036519764585264194,0.9634802354147358,85166.67218473711,3110.2668186969677,83611.53877538862,1179863.988820161,13.853588012231935,0.14833327815262887,0.8516667218473711,7.706510772149962e-4,0.1483623132166116,7.814197377065501e-4,0.14989389590251645,0.14683073053070678
2012,3,Black,21647,678020,0.03192678682044778,0.0314251350270417,0.9685748649729583,82056.40536604014,2578.6336184614775,80767.08855680941,1096252.4500447724,13.359742547270628,0.17943594633959858,0.8205640536604014,7.425070812977242e-4,0.17945757819064728,7.558146284074934e-4,0.18093897486232596,0.1779761815189686
2012,4,Black,19449,698528,0.02784283521920381,0.027460545497545015,0.9725394545024549,79477.77174757866,2182.502967117878,78386.52026401972,1015485.361487963,12.776973223571789,0.20522228252421337,0.7947777174757866,7.191736960094087e-4,0.20527231104416374,7.324658389830031e-4,0.20670794408857043,0.20383667799975705
2012,5,Black,18040,695196,0.02594951639537627,0.025617140195621797,0.9743828598043782,77295.26878046078,1980.0837368073408,76305.22691205711,937098.8412239433,12.123624848055764,0.2270473121953922,0.7729526878046078,6.994247940095047e-4,0.22711832287574266,7.108330510703164e-4,0.22851155565584047,0.22572509009564484
2012,6,Black,16778,676409,0.024804519159266066,0.02450065566780277,0.9754993443321972,75315.18504365344,1845.2714153114066,74392.54933599774,860793.6143118863,11.429217279529507,0.24684814956346557,0.7531518504365344,6.815075310050693e-4,0.246941823841417,6.963461277757868e-4,0.24830666225185755,0.24557698543097645
2012,7,Black,15390,664173,0.023171673645270133,0.022906285163157045,0.9770937148368429,73469.91362834204,1682.9227924833103,72628.45223210039,786401.0649758885,10.703715659092913,0.26530086371657957,0.7346991362834204,6.648101496528996e-4,0.2653983245580901,6.806987963229569e-4,0.26673249419888306,0.2640641549172971
2012,8,Black,13546,657405,0.020605258554467945,0.020395135039100964,0.979604864960899,71786.99083585873,1464.105372148042,71054.9381497847,713772.612743788,9.942924260132763,0.2821300916414127,0.7178699083585873,6.495818187855893e-4,0.2822140753247671,6.699878885940486e-4,0.28352725158641146,0.28090089906312277
2012,9,Black,12120,651019,0.01861696816836375,0.018445270659996744,0.9815547293400032,70322.88546371069,1297.1246559701103,69674.32313572563,642717.6745940032,9.139523646618144,0.2967711453628932,0.7032288546371068,6.363335098725124e-4,0.2968579091524959,6.559723762175543e-4,0.2981436150098823,0.29557220329510947
2012,10,Black,10791,659437,0.016363958952864337,0.016231155967856566,0.9837688440321435,69025.76080774057,1120.3678894703771,68465.57686300538,573043.3514582777,8.301876643625729,0.30974239192259423,0.6902576080774058,6.245961660528881e-4,0.30979659644304675,6.43102756525487e-4,0.3110570778458367,0.3085361150402568
2012,11,Black,10214,680847,0.015001902042602816,0.014890211296967435,0.9851097887030326,67905.3929182702,1011.1256487566425,67399.83009389188,504577.7745952723,7.430599440055869,0.320946070817298,0.679053929182702,6.144582482647586e-4,0.3210051591761416,6.363307355784995e-4,0.32225236741787544,0.31975795093440773
2012,12,Black,11061,699061,0.015822653530950803,0.015698457900783645,0.9843015420992164,66894.26726951356,1050.1368385342357,66369.19885024644,437177.9445013805,6.53535739826573,0.3310573273048645,0.6689426726951355,6.053088351149318e-4,0.3311108216389169,6.246055667155404e-4,0.3323350485496794,0.32988659472815446
2012,13,Black,12876,681574,0.01889156569939581,0.018714789858316427,0.9812852101416836,65844.13043097932,1232.2590644193479,65228.00089876965,370808.7456511341,5.631614287014269,0.3415586956902068,0.6584413043097932,5.958064198499076e-4,0.34158799184110267,6.140913869301436e-4,0.34279161095948574,0.3403843727227196
2012,14,Black,15262,683867,0.022317204953594776,0.022070924283222798,0.9779290757167772,64611.87136655997,1426.043720728674,63898.849506195635,305580.74475236447,4.729482961710323,0.3538812863344003,0.6461187136655997,5.846560279061808e-4,0.3539056722819908,6.039074677308429e-4,0.3550893309187433,0.35272201364523836
2012,15,Black,17652,681569,0.02589906524504489,0.02556797195808197,0.9744320280419181,63185.8276458313,1615.533469396818,62378.06091113289,241681.89524616877,3.824938348530342,0.36814172354168706,0.6318582764583129,5.717521289825337e-4,0.36818331144006833,5.917749079497678e-4,0.3693431902596499,0.36702343262048676
2012,16,Black,17596,681700,0.02581194073639431,0.02548305715584984,0.9745169428441501,61570.29417643448,1568.9993256005691,60785.794513634195,179303.8343350359,2.912180893942569,0.3842970582356552,0.6157029417643448,5.571335865817346e-4,0.38435456702204346,5.772474154587889e-4,0.3854859719563427,0.3832231620877442
2012,17,Black,11531,714890,0.016129754227923176,0.016000710464292578,0.9839992895357075,60001.29485083391,989.6999201774233,59506.4448907452,118518.03982140169,1.975258035948111,0.3999870514916609,0.6000129485083391,5.429361195514286e-4,0.40005647175980147,5.656649678737544e-4,0.401165175096834,0.3989477684227689
2012,18,Black,375,746878,5.020900334458908e-4,5.019640178806276e-4,0.9994980359821194,59011.59493065649,-0,59011.59493065649,59011.59493065649,1,0.40988405069343514,0.5901159493065649,5.339805822498195e-4,0.40996959004138694,5.546188517124727e-4,0.4110566429907434,0.4088825370920305
2004,0,Hispanic,62833,858324,0.0732042911534572,0.07061946713676627,0.9293805328632337,100000,7061.9467136766325,96469.02664316169,1468870.4965845095,14.688704965845094,0,1,0,0,0,0,0
2004,1,Hispanic,27390,833685,0.032854135554795875,0.03232316080152942,0.9676768391984706,92938.05328632337,3004.051640954931,91436.0274658459,1372401.4699413478,14.766841152926414,0.07061946713676637,0.9293805328632336,7.285854380947703e-4,0.07055440874014998,7.316531323720397e-4,0.07198844887959918,0.06912036860070078
2004,2,Hispanic,23275,816328,0.02851182367871738,0.0281110746764207,0.9718889253235793,89934.00164536844,2528.1414362022915,88669.9309272673,1280965.442475502,14.243394256230909,0.10065998354631567,0.8993400164536843,7.050352538215804e-4,0.10056400540880547,7.095283420908092e-4,0.10195468095930346,0.09917332985830749
2004,3,Hispanic,20247,804104,0.025179578760956296,0.0248665145797704,0.9751334854202296,87405.86020916615,2173.479097248608,86319.12066054184,1192295.5115482346,13.640910445764368,0.12594139790833858,0.8740586020916614,6.852159551518928e-4,0.12589310112480942,6.891500865779881e-4,0.12724383529450228,0.12454236695511656
2004,4,Hispanic,18072,743723,0.024299369523330595,0.024007683734103478,0.9759923162658966,85232.38111191754,2046.2320496394823,84209.2650870978,1105976.3908876928,12.976011891952773,0.14767618888082468,0.8523238111191753,6.681770226128168e-4,0.1476458441196175,6.717733022064445e-4,0.14896251979194214,0.14632916844729288
2004,5,Hispanic,16513,700651,0.023568081684033848,0.023293589078970105,0.9767064109210299,83186.14906227805,1937.7039733186684,82217.29707561873,1021767.125800595,12.282899705281945,0.16813850937721941,0.8318614906227806,6.521356399755336e-4,0.16809748194490776,6.559782037425373e-4,0.16938319922424314,0.16681176466557238
2004,6,Hispanic,15143,689048,0.021976698285170265,0.0217378353606237,0.9782621646393763,81248.44508895939,1766.1653226504714,80365.36242763416,939549.8287249763,11.56391150250639,0.18751554911040613,0.8124844508895939,6.369450603541922e-4,0.18746828600842824,6.412540934947329e-4,0.18872514403167792,0.18621142798517856
2004,7,Hispanic,13405,685283,0.019561261551796848,0.01937179319508862,0.9806282068049114,79482.27976630891,1539.7142863071058,78712.42262315536,859184.4662973421,10.809761230094141,0.20517720233691084,0.7948227976630892,6.230992534984503e-4,0.20511043044467228,6.27028975856938e-4,0.2063394072373519,0.20388145365199267
2004,8,Hispanic,12209,690696,0.017676372818142858,0.017521514407638914,0.9824784855923611,77942.56548000181,1365.671784026199,77259.72958798871,780472.0436741867,10.013425127434855,0.22057434519998187,0.7794256548000181,6.110287036196643e-4,0.22051432749992525,6.143848097899077e-4,0.22171852172711348,0.21931013327273702
2004,9,Hispanic,11135,700104,0.01590477986127775,0.015779296740763938,0.984220703259236,76576.89369597561,1208.329529114737,75972.72893141824,703212.314086198,9.183087484301472,0.23423106304024388,0.7657689369597561,6.003225553857113e-4,0.23417586706383248,6.036242066265483e-4,0.23535897050882051,0.23299276361884444
2004,10,Hispanic,10216,718808,0.01421241833702463,0.014112134557048055,0.9858878654429519,75368.56416686087,1063.6113188942545,74836.75850741375,627239.5851547798,8.322297128629305,0.24631435833139126,0.7536856416686087,5.908498876441065e-4,0.24625701835097327,5.9448106466164e-4,0.24742220123771008,0.24509183546423646
2004,11,Hispanic,9977,717801,0.013899395514912908,0.013803465600980646,0.9861965343990193,74304.95284796662,1025.665860619396,73792.11991765692,552402.826647366,7.434266566020474,0.2569504715203338,0.7430495284796662,5.825117345266562e-4,0.25689931691983475,5.85843164397534e-4,0.25804756952205393,0.2557510643176156
2004,12,Hispanic,10585,714861,0.014807074382292501,0.014698255302515366,0.9853017446974847,73279.28698734722,1077.0776685263118,72740.74815308407,478610.70672970905,6.531323193856245,0.26720713012652775,0.7327928698734723,5.744710538369499e-4,0.2671519854021728,5.771435470477616e-4,0.2682831867543864,0.26602078404995916
2004,13,Hispanic,12964,700723,0.01850089122235177,0.018331318358891693,0.9816686816411083,72202.20931882091,1323.5616852386447,71540.42847620159,405869.958576625,5.621295558761068,0.2779779068117909,0.7220220931882091,5.660273316237494e-4,0.277935492281601,5.686471832816273e-4,0.279050040760833,0.27682094380236905
2004,14,Hispanic,15919,690015,0.02307051295986319,0.022807423480370702,0.9771925765196293,70878.64763358227,1616.559332295088,70070.36796743472,334329.5301004234,4.716928740356189,0.2912135236641773,0.7087864763358227,5.556513044079204e-4,0.29117977833493847,5.569467661453441e-4,0.29227139399658336,0.29008816267329357
2004,15,Hispanic,18407,649634,0.028334415994236754,0.027938603980495944,0.972061396019504,69262.08830128718,1935.086055911801,68294.545273331285,264259.16213298874,3.815350772900067,0.30737911698712816,0.6926208830128718,5.429783298008686e-4,0.3073563821402665,5.434115095552436e-4,0.3084214686989948,0.3062912955815382
2004,16,Hispanic,17101,648557,0.02636776721244239,0.026024661109483607,0.9739753388905164,67327.00224537538,1752.162416953346,66450.92103689871,195964.61685965754,2.9106392728649695,0.3267299775462462,0.6732700224537538,5.27808273274571e-4,0.3266877669703907,5.283633910558933e-4,0.32772335921686024,0.32565217472392116
2004,17,Hispanic,10432,643997,0.016198833224378373,0.016068686240109174,0.9839313137598908,65574.83982842203,1090.6558893902038,65029.511883726926,129513.69582275872,1.975051653372453,0.34425160171577973,0.6557483982842203,5.140722418318185e-4,0.3442159497973613,5.161642718782762e-4,0.34522763177024274,0.3432042678244799
2004,18,Hispanic,376,656296,5.729122225337348e-4,5.727481553244253e-4,0.9994272518446756,64484.18393903183,-0,64484.18393903183,64484.18393903183,1,0.35515816060968175,0.64484183939031825,5.055220735112718e-4,0.3551191298311228,5.075661460548806e-4,0.3561139594773904,0.35412430018485525
2012,0,Hispanic,42339,884943,0.047843759428573364,0.04672598601167074,0.9532740139883292,100000,4672.598601167076,97663.70069941645,1628356.300604142,16.28356300604142,0,1,0,0,0,0,0
2012,1,Hispanic,17617,917561,0.01919981341839943,0.019017249596408346,0.9809827504035916,95327.40139883292,1812.8649857786222,94420.96890594362,1530692.5999047256,16.05721521245061,0.04672598601167077,0.9532740139883292,5.134820421442961e-4,0.04679819635424245,5.173767262995529e-4,0.04781225473778957,0.045784137970695325
2012,2,Hispanic,15122,903989,0.01672807965583652,0.01658932587351215,0.9834106741264879,93514.5364130543,1551.3431184665678,92738.86485382103,1436271.6309987819,15.35880608609084,0.06485463586945694,0.93514536413054306,5.037170259855646e-4,0.06492017204111791,5.101352938237933e-4,0.06592003721701255,0.06392030686522328
2012,3,Hispanic,13613,889927,0.015296760296069228,0.015180652891856944,0.984819347108143,91963.19329458773,1396.0613162318914,91265.1626364718,1343532.7661449611,14.609461872873345,0.0803680670541227,0.9196319329458773,4.953607000934536e-4,0.08041359519948033,4.989826180841903e-4,0.08139160113092533,0.07943558926803532
2012,4,Hispanic,12572,920932,0.013651387941780719,0.013558839453073603,0.9864411605469264,90567.13197835584,1227.9852022198465,89953.13937724591,1252267.603508489,13.82695439453423,0.09432868021644158,0.9056713197835584,4.8784080124906766e-4,0.09435560574727889,4.908835591238263e-4,0.09531773752316158,0.09339347397139619
2012,5,Hispanic,11958,922544,0.012961983385074316,0.012878517818083126,0.9871214821819169,89339.146776136,1150.5557936088153,88763.8688793316,1162314.464131243,13.010136161740432,0.10660853223864009,0.8933914677613599,4.8122624614627276e-4,0.10662713865924674,4.822032443912026e-4,0.1075722570182535,0.10568202030023997
2012,6,Hispanic,11263,905206,0.012442471658384942,0.01236554270108554,0.9876344572989144,88188.59098252718,1090.4997875430126,87643.34108875567,1073550.5952519116,12.173350127167973,0.11811409017472818,0.8818859098252718,4.7502876536074874e-4,0.11812251459694575,4.770133745562289e-4,0.11905746081107596,0.11718756838281555
2012,7,Hispanic,10247,886516,0.011558731032491235,0.011492312756444727,0.9885076872435553,87098.09119498417,1000.958504502094,86597.61194273311,985907.254163156,11.319504717457376,0.12901908805015827,0.8709809119498417,4.691547768784365e-4,0.12898776397993814,4.711560843458577e-4,0.12991122990525603,0.12806429805462025
2012,8,Hispanic,9110,869216,0.010480709052755586,0.010426072735304787,0.9895739272646952,86097.13269048207,897.65496773216,85648.305206616,899309.6422204229,10.445291429778827,0.1390286730951793,0.8609713269048207,4.6376310345136944e-4,0.13898974441286743,4.663891633732915e-4,0.1399038671730791,0.13807562165265577
2012,9,Hispanic,8336,854178,0.009759090025732341,0.00971170134188311,0.99028829865811685,85199.47772274991,827.4318821277702,84785.76178168603,813661.3370138068,9.550074234745496,0.14800522277250083,0.8519947772274992,4.589278756028348e-4,0.14796199394219697,4.632248297198761e-4,0.14886991460844792,0.14705407327594602
2012,10,Hispanic,7381,843191,0.00875365130794802,0.008715505061806168,0.9912844949381938,84372.04584062214,735.3449925988825,84004.3733443227,728875.5752321208,8.63882780096335,0.15627954159377855,0.8437204584062215,4.5447090513751513e-4,0.1562549081962942,4.593465749516039e-4,0.15715522748319935,0.15535458890938905
2012,11,Hispanic,6924,849609,0.008149631183285488,0.008116557707388951,0.991883442292611,83636.70084802326,678.8421088886098,83297.27979357896,644871.201887798,7.710385456972977,0.1636329915197674,0.8363670084802326,4.505099616633455e-4,0.16360519891726122,4.5808060946281976e-4,0.16450303691180834,0.1627073609227141
2012,12,Hispanic,6855,848959,0.008074594886207697,0.008042126429735808,0.9919578735702642,82957.85873913465,667.1575883202895,82624.2799449745,561573.9220942191,6.769387863060905,0.1704214126086535,0.8295785873913465,4.4685337156175135e-4,0.17035419778669192,4.588972546936643e-4,0.1712536364058915,0.16945475916749234
2012,13,Hispanic,7480,820752,0.009113593387527536,0.009072252975165312,0.9909277470248347,82290.70115081436,746.5620583439159,81917.42012164241,478949.64214924455,5.820215837892454,0.1770929884918564,0.8229070115081436,4.4325972025209803e-4,0.17702999826611593,4.545407641629533e-4,0.17792089816387532,0.17613909836835653
2012,14,Hispanic,8560,810022,0.010567614212947303,0.01051207046034518,0.9894879295396548,81544.13909247045,857.1977357682335,81115.54022458632,397032.2220276023,4.868924075308107,0.18455860907529553,0.8154413909247045,4.3923835593627e-4,0.1844910228935786,4.5160600189649263e-4,0.18537617065729572,0.18360587512986148
2012,15,Hispanic,9724,804167,0.012092015713154108,0.01201934664888403,0.987980653351116,80686.94135670221,969.8043182043766,80202.03919760002,315916.6818030158,3.9153384239266913,0.19313058643297787,0.8068694135670221,4.3462105138978175e-4,0.1930818416248996,4.470022455632936e-4,0.19395796602620366,0.19220571722359556
2012,16,Hispanic,9619,802875,0.011980694379573407,0.011909353218985879,0.9880906467810141,79717.13703849784,949.3795425977878,79242.44726719894,235714.64260541578,2.9568879586277914,0.20282862961502168,0.7971713703849783,4.2939719031222554e-4,0.20279891013968226,4.4231058430381357e-4,0.20366583888491774,0.2019319813944468
2012,17,Hispanic,7056,812879,0.008680258685487016,0.008642748041111849,0.9913572519588881,78767.75749590005,708.8797690553765,78413.31761137236,156472.19533821687,1.9865005722215898,0.21232242504099952,0.7876775749590005,4.2428334750155706e-4,0.21228344309305824,4.395358252698805e-4,0.2131449333105872,0.21142195287552928
2012,18,Hispanic,296,822116,3.600465141172292e-4,3.5998170903748676e-4,0.9996400182909625,78058.87772684467,-0,78058.87772684467,78058.87772684467,1,0.21941122273155333,0.7805887772684467,4.204649592301047e-4,0.21940369471143004,4.367720078004006e-4,0.22025976784671883,0.21854762157614124
2004,0,White,151385,2251173,0.06724716403403914,0.06505962635141567,0.9349403736485843,100000,6505.9626351415645,96747.01868242922,1534709.6444800962,15.347096444800961,0,1,0,0,0,0,0
2004,1,White,64764,2233245,0.02899995298321501,0.02858546442110727,0.9714145355788927,93494.03736485844,2672.570478678841,92157.75212551901,1437962.625797667,15.380260242544125,0.0650596263514156,0.9349403736485844,3.635939287741355e-4,0.06509995620580367,3.642880735567229e-4,0.06581396082997484,0.06438595158163249
2004,2,White,55993,2232087,0.025085491739345284,0.024774748366597956,0.975225251633402,90821.4668861796,2250.0789883904217,89696.42739198438,1345804.8736721482,14.818136282237706,0.09178533113820408,0.9082146688617959,3.532004274594318e-4,0.09184077757680456,3.5485287661191246e-4,0.09253628921496392,0.0911452659386452
2004,3,White,48435,2294253,0.0211114467323351,0.02089092787680499,0.979109072123195,88571.38789778917,1850.338476521225,87646.21865952856,1256108.4462801635,14.181876067356027,0.11428612102210822,0.8857138789778918,3.4444997574614955e-4,0.11431384300907735,3.4512443396579986e-4,0.11499028689965031,0.11363739911850439
2004,4,White,42621,2257390,0.018880654206849503,0.01870408155876562,0.9812959184412344,86721.04942126795,1622.0375812371349,85910.03063064939,1168462.227620635,13.473801751920162,0.13278950578732052,0.8672104942126795,3.372540961456695e-4,0.13279971315817943,3.375906194868146e-4,0.1334613907723736,0.13213803554398526
2004,5,White,38241,2265646,0.01687862975945933,0.016737377758296087,0.9832626222417039,85099.01184003081,1424.3343080243067,84386.84468601865,1082552.1969899856,12.721090099435797,0.14900988159969186,0.8509901184003081,3.3094606802533313e-4,0.14901560018989957,3.3112355591450297e-4,0.149664602359492,0.14836659802030713
2004,6,White,35092,2263137,0.015505910601081595,0.015386618833042556,0.9846133811669574,83674.6775320065,1287.4703691627365,83030.94234742514,998165.352303967,11.929120992694086,0.16325322467993497,0.836746775320065,3.2540689866717034e-4,0.16326808088836142,3.26180491776238e-4,0.16390739465224285,0.16262876712448
2004,7,White,31809,2289605,0.013892789367598342,0.013796950305344655,0.9862030496946553,82387.20716284377,1136.6922030218993,81818.86106133282,915134.4099565418,11.107724627049416,0.17612792837156233,0.8238720716284377,3.203999867517361e-4,0.17613745920989043,3.211455199355078e-4,0.17676690442896403,0.17550801399081684
2004,8,White,29362,2351404,0.012487007762171026,0.01240952882081582,0.9875904711791842,81250.51495982187,1008.2806071000232,80746.37465627186,833315.5488952091,10.256126368027095,0.18749485040178127,0.8125051495982187,3.159794440566893e-4,0.18752667780820936,3.168380584164528e-4,0.1881476804027056,0.18690567521371312
2004,9,White,27741,2399219,0.011562512634319752,0.011496051016756733,0.9885039489832432,80242.23435272185,922.4688198174554,79780.99994281313,752569.1742389372,9.378716586216418,0.19757765647278158,0.8024223435272184,3.120582880388825e-4,0.19760458437511527,3.128993968330257e-4,0.19821786719290801,0.19699130155732253
2004,10,White,26652,2467062,0.010803133443748069,0.010745093106401093,0.989254906893599,79319.76553290439,852.2982658289548,78893.61639998991,672788.174296124,8.481973815429772,0.20680234467095604,0.793197655329044,3.084708500393857e-4,0.2068304837832527,3.0934557455477354e-4,0.20743680110938004,0.20622416645712535
2004,11,White,27063,2511937,0.010773757462866306,0.010716031500689872,0.9892839684993101,78467.46726707544,840.8598510133452,78047.03734156876,593894.5578961341,7.568672452173429,0.21532532732924559,0.7846746726707544,3.0515630203510185e-4,0.21534553073531293,3.057506226453039e-4,0.21594480195569773,0.21474625951492812
2004,12,White,30148,2587672,0.011650626509078431,0.011583151025878055,0.988416848974122,77626.60741606209,899.1607173267839,77177.02705739869,515847.52055456524,6.645241080673954,0.22373392583937912,0.7762660741606209,3.0188623748985955e-4,0.2237521821631069,3.0247975252858836e-4,0.22434504247806294,0.22315932184815088
2004,13,White,36888,2649521,0.013922516560540566,0.013826268335604104,0.9861737316643959,76727.44669873531,1060.8542667624715,76197.01956535407,438670.4934971668,5.717256501699767,0.23272553301264687,0.7672744669873531,2.983894436083805e-4,0.2327470174425953,2.989424274553238e-4,0.23333294460040774,0.23216109028478285
2004,14,White,45700,2707484,0.016879139451978293,0.016737878955468452,0.9832621210445316,75666.59243197284,1266.4982650991296,75033.34329942327,362473.4739318126,4.790403033646456,0.24333407568027166,0.7566659243197283,2.942638310925394e-4,0.24334937984889096,2.948082298052264e-4,0.2439272039793092,0.24277155571847273
2004,15,White,54022,2642834,0.020440935753059025,0.020234133442203574,0.9797658665577964,74400.0941668737,1505.4214334850258,73647.3834501312,287440.13063238934,3.8634377261362487,0.2559990583312629,0.7440009416687371,2.893384787067401e-4,0.256008665134323,2.8982566604636044e-4,0.2565767234397739,0.25544060682887215
2004,16,White,51541,2618215,0.019685549124117005,0.019493677253525032,0.980506322746475,72894.67273338868,1420.9852237660089,72184.18012150568,213792.74718225823,2.9328994721493906,0.27105327266611323,0.7289467273338868,2.834839653186237e-4,0.271065277950013,2.841935596408614e-4,0.27162229732690907,0.27050825857311694
2004,17,White,31688,2599678,0.012189201893465267,0.012115363587077455,0.9878846364129226,71473.68750962267,892.5386389952037,71027.41819012507,141608.56706075248,1.9812685198547701,0.28526312490377326,0.7147368750962267,2.7795782039215304e-4,0.28527566067920185,2.7835875360379274e-4,0.2858212438362653,0.2847300775221384
2004,18,White,990,2626506,3.7692660896262943e-4,3.768555855136713e-4,0.9996231444144863,70581.14887062747,-0,70581.14887062747,70581.14887062747,1,0.29418851129372536,0.7058114887062746,2.7448677946289516e-4,0.29420642699285054,2.7483719417309747e-4,0.29474510789342984,0.29366774609227125
2012,0,White,123592,2067739,0.05977156691439297,0.058037083213001904,0.9419629167869981,100000,5803.70832130019,97098.1458393499,1591614.9371225596,15.916149371225597,0,1,0,0,0,0,0
2012,1,White,48913,2083780,0.02347320734434537,0.023200907488320214,0.9767990925116797,94196.29167869981,2185.4394489803526,93103.57195420963,1494516.7912832096,15.86598330623198,0.05803708321300194,0.9419629167869981,3.3649438733743665e-4,0.05802468086002684,3.370885127875861e-4,0.0586853743450905,0.05736398737496317
2012,2,White,42429,2084409,0.020355410094659927,0.020150326019822633,0.9798496739801774,92010.85222971946,1854.0486697905726,91083.82789482418,1401413.219329,15.230955755416254,0.07989147770280547,0.9201085222971945,3.2868741218648176e-4,0.07985948942840955,3.305260669428742e-4,0.08050732051961758,0.07921165833720152
2012,3,White,37021,2095878,0.0176637189760091,0.017509081230814485,0.9824909187691855,90156.80355992889,1578.562797041377,89367.5221614082,1310329.391434176,14.533893613066882,0.09843196440071111,0.9015680355992889,3.220642536723123e-4,0.09841437713423166,3.2319714370431066e-4,0.09904784353589212,0.09778091073257121
2012,4,White,33166,2162534,0.015336637481769073,0.015219926236177314,0.9847800737638227,88578.24076288751,1348.1542905414972,87904.16361761675,1220961.8692727678,13.783993210489749,0.11421759237112494,0.8857824076288751,3.1642520449322217e-4,0.11420031289440649,3.1803123635881374e-4,0.11482365411766976,0.11357697167114322
2012,5,White,30624,2186995,0.01400277549788637,0.013905418272747624,0.9860945817272524,87230.08647234601,1212.9708383659163,86623.60105316306,1133057.705655151,12.989299351598797,0.12769913527653987,0.8723008647234601,3.1160923622156804e-4,0.12767453477441212,3.133263878434251e-4,0.12828865449458524,0.127060415054239
2012,6,White,28549,2192729,0.013019848782042834,0.012935638751818926,0.9870643612481811,86017.1156339801,1112.686334314596,85460.77246682279,1046434.1046019879,12.165417276426389,0.1398288436601991,0.8601711563398009,3.072761794542557e-4,0.13979270599153926,3.0973765112106373e-4,0.14039979178773654,0.13918562019534197
2012,7,White,26230,2208241,0.011878232493645394,0.011808102798470842,0.9881918972015291,84904.4292996655,1002.5602292159601,84403.14918505753,960973.3321351651,11.318294464278923,0.15095570700334504,0.849044292996655,3.033013657997964e-4,0.1509288655092983,3.069036427242856e-4,0.1515303966490379,0.1503273343695587
2012,8,White,24071,2243200,0.010730652639087018,0.010673386437913025,0.989326613562087,83901.86907044954,895.5170714520937,83454.1105347235,876570.1829501076,10.447564430466757,0.16098130929550458,0.8390186907044954,2.997199520935158e-4,0.16095873613807438,3.0438552577856837e-4,0.16155533176860037,0.16036214050754838
2012,9,White,21689,2238164,0.00969053206110008,0.009643805259073053,0.990356194740927,83006.35199899744,800.4970939444029,82606.10345202524,793116.0724153841,9.554884093990342,0.1699364800100256,0.8300635199899744,2.9652092522166885e-4,0.16991015155137446,2.998738263536227e-4,0.17049790425102757,0.16932239885172135
2012,10,White,20006,2235419,0.008949552634204147,0.008909683792178042,0.991090316207822,82205.85490505304,732.4281730696821,81839.64081851821,710509.9689633589,8.64305796447213,0.17794145094946956,0.8220585490505304,2.936613351635909e-4,0.17791353984529007,2.969539712697592e-4,0.1784955696289788,0.17733151006160133
2012,11,White,18542,2300106,0.008061367606536394,0.008029005225218749,0.9919709947747812,81473.42673198336,654.1505689475744,81146.35144750957,628670.3281448407,7.716262263190762,0.18526573268016644,0.8147342673198336,2.910449055252945e-4,0.18523821599136137,2.945008781393192e-4,0.18581543771251444,0.1846609942702083
2012,12,White,19099,2347602,0.008135535750949267,0.00810257635115944,0.9918974236488406,80819.27616303579,654.844355756446,80491.85398515756,547523.9766973311,6.7746706317044625,0.1918072383696422,0.8081927616303578,2.887081044580586e-4,0.191793436019901,2.9159594386202317e-4,0.19236496406987058,0.19122190796993144
2012,13,White,21549,2333789,0.00923348254705117,0.009191049847871469,0.9908089501521286,80164.43180727934,736.7952887669817,79796.03416289584,467032.1227121736,5.825926937709109,0.19835568192720665,0.8016443180727933,2.8636882499848864e-4,0.19834656758857575,2.8827192208793193e-4,0.19891158055586808,0.1977815546212834
2012,14,White,24364,2339062,0.010416141171119022,0.010362174236276627,0.9896378257637234,79427.63651851236,823.0430087804853,79016.11501412212,387236.08854927775,4.8753318809760104,0.20572363481487643,0.7942763651851236,2.8373679485305125e-4,0.20572243229094117,2.854198337648377e-4,0.20628185516512026,0.20516300941676208
2012,15,White,27272,2354187,0.011584466314698024,0.011517752805002737,0.9884822471949972,78604.59350973187,905.3482773828,78151.91937104048,308219.9735351556,3.921144551138675,0.21395406490268132,0.7860459350973187,2.807966647475412e-4,0.21394084343220618,2.835268960504555e-4,0.21449655614846508,0.21338513071594728
2012,16,White,26691,2382096,0.01120483809216757,0.011142413621873046,0.9888575863781269,77699.24523234907,865.7571284861915,77266.36666810597,230068.05416411502,2.9610075809118563,0.22300754767650932,0.7769924523234907,2.7756251817450983e-4,0.2229835202221082,2.8051579264581303e-4,0.22353333117569402,0.2224337092685224
2012,17,White,17864,2428758,0.007355199653485444,0.007328249285183925,0.9926717507148161,76833.48810386288,576.8591411444213,76545.05853329066,152801.68749600908,1.9887381305590734,0.2316651189613712,0.7683348810386288,2.7446980179108074e-4,0.23164535899399427,2.775310777100069e-4,0.2321893199063059,0.23110139808168265
2012,18,White,447,2469526,1.8100639555930978e-4,1.8099001538415132e-4,0.9998190099846158,76256.62896271846,-0,76256.62896271846,76256.62896271846,1,0.23743371037281535,0.7625662896271846,2.7240910640891547e-4,0.23739965828741652,2.757540818684918e-4,0.23794013628787877,0.23685918028695427
2004,0,Total,348385,4014258,0.08678689810171643,0.0831775378508114,0.9168224621491886,100000,8317.753785081135,95841.12310745943,1451820.46219632,14.5182046219632,0,1,0,0,0,0,0
2004,1,Total,141664,3953063,0.03583651462169968,0.0352056900093069,0.964794309990693,91682.246214918865,3227.7367395993933,90068.37784511916,1355979.3390888607,14.789988193681612,0.08317753785081139,0.9168224621491886,3.083507165300113e-4,0.08317753785081139,3.083507165300113e-4,0.08378190525521022,0.08257317044641256
2004,2,Total,120029,3933735,0.030512731538855566,0.03005421346531624,0.9699457865346838,88454.50947531947,2658.4307097410783,87125.29412044893,1265910.9612437414,14.311434982260065,0.11545490524680524,0.8845450947531948,2.974950167897081e-4,0.11545490524680524,2.974950167897081e-4,0.11603799547971307,0.11487181501389741
2004,3,Total,103823,4008220,0.025902520320740877,0.02557133925342073,0.9744286607465793,85796.0787655784,2193.9206367278093,84699.11844721448,1178785.6671232926,13.739388607072616,0.14203921234421601,0.857960787655784,2.885540380502424e-4,0.14203921234421601,2.885540380502424e-4,0.1426047782587945,0.14147364642963753
2004,4,Total,91515,3876609,0.02360697196957444,0.023331578015465915,0.9766684219845341,83602.15812885058,1950.570274644604,82626.87299152827,1094086.5486760782,13.086821837659185,0.1639784187114942,0.8360215812885058,2.8117532485031515e-4,0.1639784187114942,2.8117532485031515e-4,0.16452952234820084,0.16342731507478758
2004,5,Total,83414,3829607,0.021781347276626558,0.021546689315307416,0.9784533106846925,81651.58785420598,1759.321395596111,80771.92715640792,1011459.6756845498,12.387507729679115,0.18348412145794024,0.8165158785420598,2.7461506082254603e-4,0.18348412145794024,2.7461506082254603e-4,0.18402236697715244,0.18294587593872805
2004,6,Total,76942,3822089,0.020130876073267787,0.019930269183745363,0.9800697308162546,79892.26645860987,1592.2743762196187,79096.12927050007,930687.7485281419,11.649284590146248,0.20107733541390127,0.7989226645860987,2.6869801542569837e-4,0.20107733541390127,2.6869801542569837e-4,0.20160398352413564,0.2005506873036669
2004,7,Total,69848,3850646,0.018139294030144554,0.01797625573596667,0.9820237442640334,78299.99208239025,1407.5406817971962,77596.22174149165,851591.6192576418,10.876011562830868,0.21700007917609754,0.7829999208239025,2.63342791649126e-4,0.21700007917609754,2.63342791649126e-4,0.21751623104772982,0.21648392730446525
2004,8,Total,63684,3933161,0.016191556867364443,0.01606152630905954,0.9839384736909405,76892.45140059305,1235.0101311387116,76274.9463350237,773995.3975161501,10.065947741525386,0.23107548599406946,0.7689245140059305,2.5860887428021795e-4,0.23107548599406946,2.5860887428021795e-4,0.2315823593876587,0.23056861260048023
2004,9,Total,59468,4018734,0.01479769499548863,0.014689013226731693,0.9853109867732683,75657.44126945434,1111.3331555076875,75101.7746917005,697720.4511811264,9.222099498398203,0.2434255873054566,0.7565744126945434,2.5445522104220993e-4,0.2434255873054566,2.5445522104220993e-4,0.24392431953869934,0.24292685507221387
2004,10,Total,56771,4151951,0.013673330923221396,0.013580485685781515,0.9864195143142185,74546.10811394666,1012.3723541721847,74039.92193686057,622618.6764894259,8.352128531481869,0.2545389188605335,0.7454610811394665,2.5071752493471e-4,0.2545389188605335,2.5071752493471e-4,0.2550303252094055,0.25404751251166147
2004,11,Total,56899,4207721,0.013522522049346904,0.013431706773842082,0.9865682932261579,73533.73575977447,987.683576710464,73039.89397141924,548578.7545525653,7.460232353007381,0.26466264240225534,0.7353373575977447,2.4731265917615953e-4,0.26466264240225534,2.4731265917615953e-4,0.26514737521424064,0.26417790959027004
2004,12,Total,63172,4293550,0.01471323263965716,0.014605783494438094,0.9853942165055619,72546.052183064,1059.5919315620413,72016.256217283,475538.8605811461,6.554992949597903,0.27453947816936,0.72546052183064,2.4399082805664628e-4,0.27453947816936,2.4399082805664628e-4,0.275017700192351,0.27406125614636895
2004,13,Total,76925,4350199,0.01768309909500692,0.017528123324161596,0.9824718766758384,71486.46025150197,1253.0234912961023,70859.94850585391,403522.604363863,5.6447417167418745,0.2851353974849804,0.7148646025150196,2.4042715084742223e-4,0.2851353974849804,2.4042715084742223e-4,0.28560663470064135,0.28466416026931946
2004,14,Total,94880,4408259,0.0215232362708271,0.02129407753979791,0.978705922460202,70233.43676020586,1495.5562482583337,69485.6586360767,332662.65585800924,4.736528229336134,0.2976656323979414,0.7023343676020586,2.3621291409689182e-4,0.2976656323979414,2.3621291409689182e-4,0.29812860970957133,0.2972026550863115
2004,15,Total,111025,4264863,0.02603248920305295,0.02569799777820238,0.9743020022217976,68737.88051194753,1766.4259006743523,67854.66756161035,263176.99722193263,3.8287039876969886,0.31262119488052476,0.6873788051194752,2.3118297798821092e-4,0.31262119488052476,2.3118297798821092e-4,0.31307431351738163,0.3121680762436679
2004,16,Total,103948,4213762,0.024668692726357112,0.024368127797875908,0.9756318722021241,66971.45461127318,1631.9689647771593,66155.4701288846,195322.3296603221,2.916501228680852,0.33028545388726827,0.6697145461127317,2.2524203833351172e-4,0.33028545388726827,2.2524203833351172e-4,0.33072692828240197,0.32984397949213456
2004,17,Total,62767,4167308,0.015061761693640116,0.014949181191330683,0.9850508188086693,65339.48564649602,1008.0745077029715,64835.44839264453,129166.85953143751,1.9768576114949015,0.3466051435350398,0.6533948564649602,2.1975331155794665e-4,0.3466051435350398,2.1975331155794665e-4,0.34703586002569337,0.3461744270443862
2004,18,Total,2050,4214061,4.8646661735556274e-4,4.8634832124421667e-4,0.9995136516787558,64331.411138793046,-0,64331.411138793046,64331.411138793046,1,0.3566858886120695,0.6433141113879305,2.1636290055037613e-4,0.3566858886120695,2.1636290055037613e-4,0.3571099598971483,0.35626181732699075
2012,0,Total,259832,3926486,0.0661741822077043,0.06405479535805376,0.9359452046419462,100000,6405.479535805382,96797.26023209731,1560989.7768610832,15.609897768610832,0,1,0,0,0,0,0
2012,1,Total,102456,3977264,0.02576042224001223,0.025432841867378663,0.9745671581326213,93594.52046419462,2380.3746386190032,92404.33314488511,1464192.5166289858,15.643998274334074,0.0640547953580538,0.9359452046419462,2.6050594411846257e-4,0.0640547953580538,2.6050594411846257e-4,0.06456538700852599,0.06354420370758163
2012,2,Total,87939,3978648,0.02210273439620695,0.0218611389226045,0.9781388610773954,91214.14582557562,1994.0451135996118,90217.12326877582,1371788.183484101,15.03920440265159,0.0878585417442439,0.9121414582557561,2.538805376361855e-4,0.0878585417442439,2.538805376361855e-4,0.08835614759801083,0.08736093589047697
2012,3,Total,76959,3981321,0.01933001634382156,0.019144979956094835,0.9808550200439051,89220.100711976,1708.11703981155,88366.04219207022,1281571.060215325,14.36415168766224,0.10779899288023997,0.89220100711976,2.4833041993317537e-4,0.10779899288023997,2.4833041993317537e-4,0.108285720503309,0.10731226525717096
2012,4,Total,69470,4111444,0.016896739928842518,0.016755185919372993,0.983244814080627,87511.98367216445,1466.279556600246,86778.84389386434,1193205.0180232548,13.634761411570949,0.1248801632783555,0.8751198367216445,2.4357613902106608e-4,0.1248801632783555,2.4357613902106608e-4,0.1253575725108368,0.1244027540458742
2012,5,Total,64512,4131048,0.01561637628030466,0.01549538539582985,0.9845046146041702,86045.70411556421,1333.3113469262025,85379.0484421011,1106426.1741293904,12.858587020723288,0.13954295884435797,0.860457041155642,2.3949497552624508e-4,0.13954295884435797,2.3949497552624508e-4,0.1400123689963894,0.13907354869232652
2012,6,Total,60066,4096654,0.014662209696010451,0.014555501786299762,0.9854444982137003,84712.392768638,1233.031384265647,84095.87707650519,1021047.1256872894,12.053102176867075,0.15287607231362,0.84712392768638,2.357839085801011e-4,0.15287607231362,2.357839085801011e-4,0.153338208774437,0.152413935852803
2012,7,Total,55146,4084201,0.01350227376174679,0.013411729341155422,0.9865882706588446,83479.36138437236,1119.6026004596933,82919.56008414252,936951.2486107841,11.223747200181442,0.16520638615627647,0.8347936138437235,2.3235195547758266e-4,0.16520638615627647,2.3235195547758266e-4,0.16566179598901254,0.1647509763235404
2012,8,Total,49605,4092669,0.012120452448023527,0.012047442222733054,0.987952557777267,82359.75878391266,992.2244354274299,81863.64656619895,854031.6885266416,10.369526345595121,0.17640241216087338,0.8235975878391266,2.2923571393882917e-4,0.17640241216087338,2.2923571393882917e-4,0.1768517141601935,0.17595311016155327
2012,9,Total,44783,4062842,0.011022579760669993,0.010962164096617733,0.9890378359033822,81367.53434848523,891.9642636652716,80921.5522166526,772168.0419604427,9.489878833655695,0.18632465651514762,0.8136753434848524,2.2647400991976415e-4,0.18632465651514762,2.2647400991976415e-4,0.18676854557459036,0.1858807674557049
2012,10,Total,40531,4045601,0.01001853618288111,0.0099686007890323,0.9900313992109677,80475.57008481996,802.2288314453617,80074.45566909728,691246.48974379,8.589519639503358,0.19524429915180042,0.8047557008481996,2.2399136465940463e-4,0.19524429915180042,2.2399136465940463e-4,0.19568332222653284,0.194805276077068
2012,11,Total,37904,4145939,0.009142440349460037,0.00910083841329821,0.9908991615867018,79673.3412533746,725.0942045945267,79310.79415107734,611172.0340746928,7.6709728054590185,0.20326658746625403,0.796733412533746,2.2175848416492447e-4,0.20326658746625403,2.2175848416492447e-4,0.2037012340952173,0.20283194083729078
2012,12,Total,39182,4208003,0.009311305148784352,0.009268155835210286,0.9907318441647898,78948.24704878007,731.7046565647761,78582.39472049769,531861.2399236154,6.736834062889225,0.21051752951219926,0.7894824704878007,2.1974029603376156e-4,0.21051752951219926,2.1974029603376156e-4,0.21094822049242543,0.2100868385319731
2012,13,Total,44210,4136655,0.010687379053849064,0.010630572574517404,0.9893694274254826,78216.5423922153,831.4866304282477,77800.79907700117,453278.8452031177,5.795178760653468,0.21783457607784706,0.7821654239221529,2.177037087268454e-4,0.21783457607784706,2.177037087268454e-4,0.2182612753469517,0.21740787680874243
2012,14,Total,50556,4135424,0.01222510678469729,0.012150834162119758,0.9878491658378803,77385.05576178705,940.2929791878705,76914.90927219312,375478.04612611665,4.852074375728869,0.22614944238212953,0.7738505576178705,2.1538939365148312e-4,0.22614944238212953,2.1538939365148312e-4,0.22657160559368644,0.22572727917057261
2012,15,Total,57126,4143882,0.013785624204550226,0.013691252970380676,0.9863087470296193,76444.76278259918,1046.6245855173038,75921.45048984053,298563.1368539234,3.905606165631063,0.23555237217400815,0.7644476278259918,2.1277223284894443e-4,0.23555237217400815,2.1277223284894443e-4,0.23596940575039207,0.23513533859762423
2012,16,Total,56330,4174315,0.013494429624980386,0.013403990024937654,0.9865960099750624,75398.13819708188,1010.6358922925574,74892.82025093559,222641.68636408282,2.9528804250062994,0.24601861802918124,0.7539813819708188,2.098591143839368e-4,0.24601861802918124,2.098591143839368e-4,0.24642994189337375,0.24560729416498872
2012,17,Total,38304,4267964,0.008974771108659773,0.00893467776472575,0.9910653222352742,74387.50230478932,684.0923309542268,74045.45613931221,147748.86611314732,1.9862054987109676,0.2561249769521068,0.7438750230478932,2.0704616490809224e-4,0.2561249769521068,2.0704616490809224e-4,0.25653078743532665,0.2557191664688869
2012,18,Total,1151,4359020,2.640501764157999e-4,2.6401531976991897e-4,0.9997359846802301,73703.40997383509,-0,73703.40997383509,73703.40997383509,1,0.2629659002616491,0.7370340997383509,2.0514209918228292e-4,0.2629659002616491,2.0514209918228292e-4,0.2633679787760464,0.26256382174725185
