.imp,year,race_ethn,age,var,pop,m,q,p,lx,d,L,t,e,c,s,se,c_mn,se_tot,c_upr,c_lwr
1,2004,AI/AN,0,15632,561517,0.027838872197992224,0.02745669054841367,0.9725433094515863,100000,2745.6690548413753,98627.1654725793,1708650.9779900531,17.08650977990053,0,1,0,0,0,0,0
1,2004,AI/AN,1,7878,544605,0.014465530063073237,0.014361655582779138,0.9856383444172209,97254.33094515862,1396.7332049679826,96555.96434267463,1610023.812517474,16.55477752888312,0.02745669054841371,0.9725433094515863,5.334718381439617e-4,0.02745079959256038,5.359539309416395e-4,0.028501269297205995,0.026400329887914766
1,2004,AI/AN,2,6901,541630,0.012741170171519304,0.012660515281687752,0.9873394847183122,95857.59774019064,1213.6065810555592,95250.79444966286,1513467.8481747992,15.78871037720822,0.041424022598093524,0.9585759774019065,5.258102993414259e-4,0.041477357986540044,5.288755862263661e-4,0.04251395413554372,0.040440761837536365
1,2004,AI/AN,3,6221,542555,0.011466118642349624,0.011400757423733037,0.988599242576267,94643.99115913508,1079.0131848192395,94104.48456672547,1418217.0537251364,14.984755359064858,0.05356008840864912,0.9464399115913509,5.19153270011345e-4,0.053655732179628046,5.234449905855333e-4,0.054681684361175695,0.0526297799980804
1,2004,AI/AN,4,5463,542057,0.010078275900873894,0.010027744711938671,0.9899722552880613,93564.97797431584,938.2457131045958,93095.85511776354,1324112.569158411,14.151796941820345,0.06435022025684156,0.9356497797431584,5.132345295142079e-4,0.06445063687873062,5.168382990198053e-4,0.06546363994480944,0.0634376338126518
1,2004,AI/AN,5,5284,535834,0.009861263003094242,0.009812879311241356,0.9901871206887587,92626.73226121125,908.9349446739216,92172.26478887428,1231016.7140406473,13.290080347098167,0.07373267738788758,0.9262673226121124,5.080879446748874e-4,0.07385156424298818,5.145546603443591e-4,0.07486009137726313,0.07284303710871323
1,2004,AI/AN,6,4892,526029,0.009299867497799551,0.009256823880032168,0.9907431761199679,91717.79731653733,849.0154964236863,91293.28956832548,1138844.449251773,12.416831657234226,0.0828220268346267,0.9171779731653733,5.031021389942962e-4,0.08289011369061676,5.060624954131807e-4,0.08388199618162659,0.08189823119960693
1,2004,AI/AN,7,4387,522244,0.008400287987990288,0.008365153140269336,0.9916348468597307,90868.78182011364,760.1312755949621,90488.71618231616,1047551.1596834476,11.528174348779197,0.09131218179886358,0.9086878182011364,4.984450110999584e-4,0.09139380185434103,5.030042025027131e-4,0.09237969009124634,0.0904079136174357
1,2004,AI/AN,8,4259,521991,0.008159144506322906,0.008125993926969085,0.9918740060730309,90108.65054451868,732.2223470921454,89742.5393709726,957062.4435011314,10.621204931132437,0.09891349455481324,0.9010865054451868,4.942754422501041e-4,0.09901444495653096,4.988174776774207e-4,0.0999921272127787,0.09803676270028322
1,2004,AI/AN,9,3768,521753,0.007221808020270128,0.007195824588407619,0.9928041754115924,89376.42819742653,643.1370996470941,89054.85964760298,867319.9041301588,9.704123577352044,0.10623571802573473,0.8937642819742653,4.902589630081298e-4,0.10633413627065516,4.94278515049267e-4,0.10730292216015172,0.1053653503811586
1,2004,AI/AN,10,3503,550985,0.0063577048376997555,0.006337558673979373,0.9936624413260207,88733.29109777944,562.352438667469,88452.1148784457,778265.0444825558,8.770834878928907,0.11266708902220557,0.8873329109777944,4.8673114550742866e-4,0.1127913257409731,4.926670789147151e-4,0.11375695321564594,0.11182569826630026
1,2004,AI/AN,11,3360,545859,0.00615543574439553,0.006136549177318876,0.9938634508226811,88170.93865911197,541.0653010919923,87900.40600856597,689812.9296041101,7.823586094178683,0.11829061340888036,0.8817093865911196,4.8364645831432205e-4,0.11841342277351641,4.895090131145377e-4,0.11937286043922091,0.11745398510781191
1,2004,AI/AN,12,3349,555245,0.00603157164855154,0.006013436412264249,0.9939865635877357,87629.87335801998,526.9566712532251,87366.39502239336,601912.5235955442,6.868805129232296,0.12370126641980028,0.8762987335801997,4.806785380384402e-4,0.12383841024642887,4.8689263193373006e-4,0.12479271980501898,0.12288410068783877
1,2004,AI/AN,13,3346,560230,0.005972546989629259,0.005954764434430853,0.9940452355655691,87102.91668676675,518.6773504215525,86843.57801155598,514546.1285731507,5.907335232223331,0.12897083313233249,0.8710291668676675,4.777880082152059e-4,0.1291027604540405,4.839540970232083e-4,0.130051310484206,0.128154210423875
1,2004,AI/AN,14,3367,563842,0.005971531031742935,0.00595375451681666,0.9940462454831833,86584.2393363452,515.501306033897,86326.48868332825,427702.5505615948,4.939727528241498,0.13415760663654797,0.865842393363452,4.749428931766885e-4,0.13430296434218306,4.823383494059652e-4,0.13524834750701875,0.13335758117734736
1,2004,AI/AN,15,3208,574727,0.005581780567121433,0.005566245785841816,0.9944337542141581,86068.7380303113,479.07975035395066,85829.19815513433,341376.0618782666,3.966318894533371,0.13931261969688702,0.860687380303113,4.7211519978120775e-4,0.13947115233468468,4.812069427607024e-4,0.14041431794249565,0.13852798672687372
1,2004,AI/AN,16,2457,582714,0.004216476693540913,0.004207606057103224,0.9957923939428968,85589.65827995735,360.1275646041613,85409.59449765527,255546.8637231323,2.985721275895946,0.14410341720042652,0.8558965827995735,4.694872905399937e-4,0.14421759056804123,4.744634366938461e-4,0.14514753890396118,0.1432876422321213
1,2004,AI/AN,17,1419,588001,0.0024132612019367315,0.0024103527964933528,0.9975896472035066,85229.53071535319,214.52813681970292,85122.26664694335,170137.26922547707,1.9962244048215632,0.14770469284646814,0.8522953071535319,4.6751187297258456e-4,0.14780756389833957,4.719975254168055e-4,0.1487326790481565,0.14688244874852263
1,2004,AI/AN,18,63,588927,1.0697420902760444e-4,1.0696848759292888e-4,0.999893031512407,85015.00257853349,-0,85015.00257853349,85015.00257853349,1,0.14984997421466517,0.8501500257853348,4.663351159236122e-4,0.1499566433334362,4.706671734632898e-4,0.15087915099342425,0.14903413567344814
1,2012,AI/AN,0,12779,383814,0.03329477298899988,0.032749578104758155,0.9672504218952418,100000,3274.9578104758257,98362.52109476208,1697905.1208986836,16.979051208986835,0,1,0,0,0,0,0
1,2012,AI/AN,1,5705,383079,0.014892489538711336,0.014782416050516736,0.9852175839494832,96725.04218952417,1429.8298161493294,96010.1272814495,1599542.5998039215,16.537005966559924,0.032749578104758204,0.9672504218952418,6.424835059252116e-4,0.032903834876858794,6.500701252950447e-4,0.03417797232243708,0.03162969743128051
1,2012,AI/AN,2,5037,383832,0.013122928781341837,0.013037384447541807,0.9869626155524582,95295.21237337484,1242.4003197218262,94674.01221351392,1503532.472522472,15.777628645513715,0.04704787626625151,0.9529521237337485,6.329860474350304e-4,0.0472008479651113,6.399749563962421e-4,0.048455198879647936,0.045946497050574665
1,2012,AI/AN,3,4570,383820,0.011906622896149237,0.011836158557905234,0.9881638414420948,94052.81205365302,1113.223996283894,93496.20005551107,1408858.460308958,14.979440056563815,0.05947187946346977,0.9405281205365302,6.2473356498469e-4,0.05961991556717625,6.336871506786396e-4,0.06086194238250639,0.058377888751846116
1,2012,AI/AN,4,4204,386840,0.010867542136283735,0.010808809539725718,0.9891911904602743,92939.58805736912,1004.5663060126826,92437.30490436278,1315362.260253447,14.152873794119994,0.07060411942630873,0.9293958805736913,6.173391194530858e-4,0.07072086414953811,6.276502927484678e-4,0.0719510587233251,0.06949066957575112
1,2012,AI/AN,5,3923,389391,0.01007470640050746,0.010024210909601958,0.9899757890903981,91935.02175135644,921.5760480144381,91474.23372734923,1222924.9553490842,13.302057606040005,0.08064978248643562,0.9193502175135644,6.106664184894953e-4,0.0807510063549846,6.22405210453961e-4,0.08197092056747436,0.07953109214249483
1,2012,AI/AN,6,3663,391708,0.009351353559283956,0.009307833140002466,0.9906921668599975,91013.445703342,847.1379661033716,90589.87672029031,1131450.721621735,12.431687569655308,0.08986554296658,0.91013445703342,6.045449695151454e-4,0.08999332560918165,6.236454862028881e-4,0.09121567076213931,0.08877098045622399
1,2012,AI/AN,7,3371,392330,0.008592256518746974,0.008555500989174285,0.9914444990108258,90166.30773723863,771.4179350361374,89780.59876972056,1040860.8449014446,11.543789149431586,0.09833692262761362,0.9016630773723864,5.989179658132706e-4,0.09846627990268278,6.141673815629622e-4,0.09967004797054618,0.09726251183481938
1,2012,AI/AN,8,3048,391084,0.007793722064824948,0.007763468905371261,0.9922365310946287,89394.8898022025,694.0144472784887,89047.88257856325,951080.2461317241,10.639089641881203,0.10605110197797507,0.8939488980220249,5.93793922564321e-4,0.1061798090723725,6.073633913349214e-4,0.10737024131938894,0.10498937682535606
1,2012,AI/AN,9,2808,386306,0.007268849047128443,0.007242526630729154,0.9927574733692709,88700.875354924,642.4184519270202,88379.6661289605,862032.3635531608,9.718420028030842,0.11299124645075997,0.88700875354924,5.891840219102944e-4,0.11311578094753401,5.999629422587045e-4,0.11429170831436107,0.11193985358070695
1,2012,AI/AN,10,2447,380848,0.006425135487123472,0.006404560402961226,0.9935954395970388,88058.45690299699,563.9757062268036,87776.46904988358,773652.6974242004,8.785671752986053,0.11941543097003016,0.8805845690299698,5.84916840941209e-4,0.11953906572304782,5.91705764361053e-4,0.12069880902119548,0.11837932242490015
1,2012,AI/AN,11,2199,377575,0.00582400847513739,0.005807098180627425,0.9941929018193726,87494.48119677018,508.0890425726975,87240.43667548383,685876.2283743168,7.839079893871474,0.1250551880322982,0.8749448119677018,5.811707057026918e-4,0.12513622578468797,5.837780594440823e-4,0.12628043078119838,0.12399202078817757
1,2012,AI/AN,12,2024,376186,0.005380317183520918,0.005365882109661239,0.9946341178903387,86986.39215419749,466.7587254441896,86753.0127914754,598635.7916988329,6.881947588280864,0.1301360784580251,0.8698639215419749,5.777957903549718e-4,0.13024520899195366,5.823282766014043e-4,0.1313865724140924,0.1291038455698149
1,2012,AI/AN,13,2075,374784,0.005536522370218579,0.005521238140979162,0.9944787618590208,86519.6334287533,477.6955000303715,86280.78567873812,511882.7789073576,5.916377111431938,0.13480366571246705,0.865196334287533,5.746954062604685e-4,0.13493842418638297,5.828173744014702e-4,0.13608074624020985,0.13379610213255608
1,2012,AI/AN,14,1952,374539,0.005211740299408072,0.005198194479581375,0.9948018055204186,86041.93792872292,447.26272675357177,85818.30656534614,425601.9932286194,4.946448249238502,0.13958062071277078,0.8604193792872292,5.715223760639776e-4,0.1396774492561253,5.779568624057325e-4,0.14081024470644055,0.13854465380581005
1,2012,AI/AN,15,1774,374139,0.004741553272981432,0.004730338696517042,0.9952696613034829,85594.67520196935,404.8918043236772,85392.22929980751,339783.6866632733,3.9696825282825023,0.1440532479803065,0.8559467520196935,5.685514916037646e-4,0.14412398183018407,5.712877832475678e-4,0.1452437058853493,0.14300425777501885
1,2012,AI/AN,16,1479,373648,0.003958270885967541,0.003950452405595806,0.9960495475944042,85189.783397645675,336.538184755409,85021.51430526798,254391.45736346583,2.9861733087878264,0.1481021660235432,0.8518978339764568,5.658620504820689e-4,0.14816892311985022,5.673348897312628e-4,0.1492808995037235,0.14705694673597694
1,2012,AI/AN,17,969,372738,0.002599681277465673,0.002596306492775757,0.9974036935072242,84853.24521289027,224.36491172180104,84741.06275702937,169369.9430581978,1.9960337714045189,0.15146754787109729,0.8485324521289027,5.636266393835067e-4,0.15150997104751865,5.645313424293576e-4,0.1526164524786802,0.1504034896163571
1,2012,AI/AN,18,18,375222,4.7971600812319104e-5,4.797045020267515e-5,0.9999520295497973,84628.88030116846,-0,84628.88030116846,84628.88030116846,1,0.15371119698831537,0.8462888030116846,5.621363246539749e-4,0.15377258741767208,5.636911120424368e-4,0.15487742199727525,0.1526677528380689
1,2004,Asian/PI,0,9588,1773454,0.00540639903826093,0.005391823862588345,0.9946081761374117,100000,539.1823862588353,99730.40880687058,1849293.9374909038,18.49293937490904,0,1,0,0,0,0,0
1,2004,Asian/PI,1,5163,1769467,0.002917827797862294,0.0029135771396776103,0.9970864228603223,99460.81761374116,289.7867644930375,99315.92423149465,1749563.528684033,17.590480056965863,0.005391823862588407,0.9946081761374116,1.645259282529474e-4,0.005397207824389594,1.6477655212284212e-4,0.005720169866550365,0.005074245782228823
1,2004,Asian/PI,2,4863,1772561,0.002743488094344849,0.002739729886182618,0.9972602701138173,99171.03084924813,271.701837061235,99035.17993071751,1650247.6044525385,16.64041999282142,0.008289691507518682,0.9917103084924813,1.6404656926950542e-4,0.008328013830643344,1.655439618434965e-4,0.008652479995856598,0.008003547665430091
1,2004,Asian/PI,3,4785,1786007,0.0026791608319564255,0.0026755766818319956,0.997324423318168,98899.32901218689,264.6127385538275,98767.02264290999,1551212.424521821,15.684761868613615,0.011006709878131127,0.9889932901218689,1.63597125980952e-4,0.01104727045874312,1.65333645981632e-4,0.011371324404867118,0.010723216512619121
1,2004,Asian/PI,4,4619,1770366,0.002609065018193978,0.0026056658423947304,0.9973943341576053,98634.71627363306,257.0091110685171,98506.21171809881,1452445.401878911,14.725498858328214,0.013652837263669393,0.9863471627363306,1.6315940932546265e-4,0.013690196789742214,1.646785234462981e-4,0.014012966695696958,0.01336742688378747
1,2004,Asian/PI,5,4739,1742271,0.002720013132285391,0.002716318920717477,0.9972836810792826,98377.70716256455,267.2252273424674,98244.0945488933,1353939.1901608123,13.762662591063354,0.016222928374354573,0.9837770716256454,1.6273427042571794e-4,0.016254745033741868,1.637248714158713e-4,0.016575645781716976,0.01593384428576676
1,2004,Asian/PI,6,4696,1712770,0.002741757503926388,0.0027380040323756144,0.9972619959676244,98110.48193522208,268.6268951569509,97976.1684876436,1255695.095611919,12.798786336010435,0.018895180647779175,0.9811048193522208,1.6229223224791144e-4,0.01893197870282668,1.6384064015674925e-4,0.019253106357533908,0.018610851048119454
1,2004,Asian/PI,7,4324,1686339,0.0025641344949028635,0.002560851311311039,0.997439148688689,97841.85504006513,250.55844278044242,97716.5758186749,1157718.9271242754,11.832552915622896,0.021581449599348712,0.9784185504006513,1.6184787546159342e-4,0.02161677584316426,1.6416535664267522e-4,0.0219385399421839,0.021295011744144617
1,2004,Asian/PI,8,4201,1648052,0.002549070053614813,0.0025458253100849775,0.997454174689915,97591.29659728469,248.45039292138244,97467.071400824,1060002.3513056005,10.861648407846785,0.024087034027153176,0.9759129659728468,1.6143340711748471e-4,0.024115672749616124,1.62942777184126e-4,0.02443504059289701,0.023796304906335237
1,2004,Asian/PI,9,4001,1635210,0.0024467805358333182,0.0024437908259200636,0.9975562091740799,97342.8462043633,237.88555452317814,97223.90342710172,962535.2799047764,9.88809468221232,0.02657153795636691,0.9734284620436331,1.6102242586375177e-4,0.02658403829684668,1.6251454103372812e-4,0.02690256679727279,0.02626550979642057
1,2004,Asian/PI,10,3831,1678720,0.0022820958825772015,0.0022794948696490108,0.997720505130351,97104.96064984013,221.3502596187609,96994.28552003074,865311.3764776747,8.911093425988627,0.02895039350159878,0.9710496064984012,1.6062892073665853e-4,0.028977233798878465,1.62846322713002e-4,0.02929641259139595,0.02865805500636098
1,2004,Asian/PI,11,3560,1650383,0.0021570750546994243,0.0021547510748031523,0.9978452489251969,96883.61039022137,208.7600636191346,96779.23035841179,768317.0909576439,7.9303102750100605,0.03116389609778636,0.9688361039022136,1.602627679359221e-4,0.031199562702648342,1.625064015861799e-4,0.031518075249757256,0.03088105015553943
1,2004,Asian/PI,12,3704,1655668,0.002237163489298579,0.002234663835127178,0.9977653361648728,96674.85032660223,216.03579179120425,96566.83243070662,671537.8605992321,6.946355317133018,0.03325149673397765,0.9667485032660224,1.5991744156446125e-4,0.03327830020133828,1.6197903488717136e-4,0.03359577910971714,0.03296082129295943
1,2004,Asian/PI,13,3995,1656118,0.002412267724884338,0.002409361712136459,0.9975906382878635,96458.81453481103,232.40417453824193,96342.6124475419,574971.0281685255,5.960793017635773,0.035411854651889785,0.9645881453481102,1.5956007984119103e-4,0.035426247465416914,1.6116557588732573e-4,0.03574213199415607,0.035110362936677755
1,2004,Asian/PI,14,3983,1656834,0.002403982535365643,0.0024010964384138054,0.9975989035615862,96226.41036027278,231.04889119739528,96110.88591467409,478628.4157209837,4.97398181984544,0.03773589639727215,0.9622641036027278,1.5917564189403625e-4,0.03773677454060831,1.6110843171097036e-4,0.03805254706676181,0.03742100201445481
1,2004,Asian/PI,15,3796,1673348,0.002268506013094706,0.0022659358685231897,0.9977340641314768,95995.36146907539,217.5193327646266,95886.60180269307,382517.5298063095,3.9847501374275915,0.04004638530924609,0.9599536146907539,1.5879344582720226e-4,0.04004123568786315,1.6054038463284438e-4,0.040355894841743525,0.039726576533982774
1,2004,Asian/PI,16,3559,1689415,0.002106646383511452,0.002104429738862088,0.997895570261138,95777.84213631076,201.55773931568547,95677.06326665293,286630.92800361646,2.992664290720646,0.042221578636892354,0.9577784213631076,1.5843363006261602e-4,0.04220327590648174,1.604065141972172e-4,0.04251767267430829,0.041888879138655195
1,2004,Asian/PI,17,2319,1702317,0.0013622609654958507,0.0013613337196022371,0.9986386662803978,95576.28439699508,132.46937135102053,95510.04971131956,190953.86473696347,1.9979209899371968,0.044237156030049185,0.9557628439699508,1.5810021761987638e-4,0.044215497405755436,1.5949679202484528e-4,0.04452811111812413,0.04390288369338674
1,2004,Asian/PI,18,44,1780877,2.470692810340074e-5,2.4706622891023016e-5,0.999975293377109,95443.81502564406,-0,95443.81502564406,95443.81502564406,1,0.04556184974355948,0.9544381502564405,1.5788108965763447e-4,0.045536710252053726,1.5940508697798956e-4,0.045849144222530586,0.04522427628157687
1,2012,Asian/PI,0,6295,1203654,0.0052299082626734925,0.005216267961218146,0.9947837320387819,100000,521.6267961218109,99739.18660193909,1857350.8811681573,18.573508811681574,0,1,0,0,0,0,0
1,2012,Asian/PI,1,3089,1220269,0.002531409058166683,0.0025282090924678767,0.9974717909075321,99478.37320387819,251.5021276379557,99352.62214005922,1757611.6945662182,17.66827942555958,0.005216267961218102,0.9947837320387819,1.735965023601035e-4,0.005251309609839616,1.758260455046624e-4,0.005595928659028754,0.004906690560650478
1,2012,Asian/PI,2,2865,1229637,0.0023299559138184683,0.0023272447250134946,0.9976727552749866,99226.87107624023,230.92521229176782,99111.40847009435,1658259.0724261592,16.711794440762404,0.007731289237597694,0.9922687107624023,1.7315761410441606e-4,0.0077756744085734075,1.7625632034223566e-4,0.00812113679644419,0.007430212020702626
1,2012,Asian/PI,3,2822,1237500,0.0022804040404040406,0.002277806880397381,0.9977221931196026,98995.94586394847,225.49364662035077,98883.19904063828,1559147.6639560647,15.749611262857405,0.010040541360515354,0.9899594586394846,1.7275463396039563e-4,0.010109456961359741,1.787269872097513e-4,0.010459761856290854,0.009759152066428628
1,2012,Asian/PI,4,2771,1244856,0.0022259602717101417,0.0022234855764312134,0.9977765144235687,98770.45221732811,219.6146758828254,98660.6448793867,1460264.4649154264,14.784426234096356,0.012295477826718804,0.9877045221732812,1.7236113226654014e-4,0.012379240064129115,1.807951828746223e-4,0.012733598622563375,0.012024881505694855
1,2012,Asian/PI,5,2953,1254137,0.0023546071920372337,0.00235183836427372,0.9976481616357262,98550.83754144529,231.77564056127449,98434.94972116465,1361603.8200360397,13.816258227774279,0.014491624585547092,0.9855083754144529,1.7197788977500812e-4,0.014559368731495815,1.78765204025334e-4,0.014909748531385469,0.01420898893160616
1,2012,Asian/PI,6,2815,1264051,0.002226967108130922,0.0022244901749049854,0.997775509825095,98319.06190088401,218.70978720439598,98209.70700728182,1263168.870314875,12.847649742511603,0.016809380991159806,0.9831906190088402,1.7157342557602842e-4,0.01687194876131821,1.7865703390578053e-4,0.01722211654777354,0.01652178097486288
1,2012,Asian/PI,7,2689,1269020,0.002118957936045137,0.002116715320681584,0.9978832846793184,98100.35211367962,207.65051828327705,97996.52685453798,1164959.1633075932,11.875178204840973,0.01899647886320377,0.9810035211367962,1.7119176217655975e-4,0.019056889930117428,1.7720112307625387e-4,0.019404204131346886,0.01870957572888797
1,2012,Asian/PI,8,2374,1273469,0.0018641992855735004,0.001862463284211583,0.9981375367157884,97892.70159539634,182.32156251370907,97801.54081413949,1066962.6364530553,10.899307293233717,0.021072984046036636,0.9789270159539634,1.7082939795078612e-4,0.021124936593187215,1.7651224051559817e-4,0.021470900584597788,0.020778972601776642
1,2012,Asian/PI,9,2319,1268013,0.001828845603317947,0.001827174793024589,0.9981728252069754,97710.38003288263,178.53394341294188,97621.11306117616,969161.0956389158,9.91871176135803,0.022896199671173623,0.9771038003288264,1.7051123446923885e-4,0.022945907178385717,1.7627503727810166e-4,0.0232914062514508,0.022600408105320637
1,2012,Asian/PI,10,2038,1253740,0.0016255363951058433,0.001624216283764452,0.9983757837162356,97531.84608946969,158.4128126041178,97452.63968316762,871539.9825777397,8.935952896638938,0.02468153910530313,0.9753184608946969,1.7019968063968912e-4,0.024728233124289335,1.7566794557376158e-4,0.02507254229761391,0.02438392395096476
1,2012,Asian/PI,11,2047,1251433,0.0016357248050834522,0.0016343881005048877,0.9983656118994951,97373.43327686557,159.14598065301834,97293.86028653907,774087.342894572,7.949676999614259,0.02626566723134427,0.9737343327686557,1.6992323954690265e-4,0.02631430454187813,1.760170910637104e-4,0.026659298040363003,0.025969311043393256
1,2012,Asian/PI,12,1964,1239620,0.0015843564963456543,0.0015831023970620715,0.998416897602938,97214.28729621255,153.90017124731094,97137.3372105889,676793.4826080329,6.961872595391651,0.027857127037874463,0.9721428729621255,1.6964551902618795e-4,0.027905374255608663,1.749735404282863e-4,0.028248322394848105,0.02756242611636922
1,2012,Asian/PI,13,2022,1219477,0.0016580878524154207,0.001656714363434954,0.998343285636565,97060.38712496524,160.80133747048967,96979.98645622999,579656.145397444,5.972118621896045,0.029396128750347583,0.9706038712496524,1.6937695279836673e-4,0.029447118239442883,1.7437699391203328e-4,0.029788897147510467,0.0291053393313753
1,2012,Asian/PI,14,2007,1204935,0.001665650014316125,0.0016642639736603483,0.9983357360263396,96899.58578749475,161.2664896887436,96818.95254265038,482676.1589412141,4.9811994036769685,0.031004142125052425,0.9689958578749476,1.6909634356783085e-4,0.03105695389951759,1.7527099883218888e-4,0.03140048505722868,0.0307134227418065
1,2012,Asian/PI,15,1954,1206594,0.0016194345405331038,0.001618124317327925,0.9983818756826721,96738.31929780601,156.53462687321007,96660.0519843694,385857.2063985636,3.988669735006598,0.03261680702193992,0.9673831929780601,1.688149226151532e-4,0.032682535799421195,1.7827785964783158e-4,0.03303196040433094,0.032333111194511446
1,2012,Asian/PI,16,1912,1207732,0.0015831326817538991,0.0015818805183802605,0.9984181194816197,96581.7846709328,152.7808436013438,96505.39424913214,289197.15441419417,2.9943239856203525,0.03418215329067198,0.965817846709328,1.685417590837418e-4,0.034257540423396036,1.784283353020909e-4,0.03460725996058814,0.033907820886203935
1,2012,Asian/PI,17,1378,1220962,0.0011286182534755382,0.0011279817230944026,0.9988720182769056,96429.00382733146,110.83165973391442,96373.58799746449,192691.76016506206,1.9982759596905249,0.03570996172668539,0.9642900382733146,1.682751461585137e-4,0.035785708523194334,1.7881930140043413e-4,0.03613619435393919,0.03543522269244948
1,2012,Asian/PI,18,27,1261514,2.1402854030950112e-5,2.140262499232082e-5,0.9999785973750077,96318.17216759754,-0,96318.17216759754,96318.17216759754,1,0.03681827832402462,0.9631817216759754,1.6808173740180693e-4,0.03690057915550493,1.7922860316436925e-4,0.037251867217707096,0.036549291093302766
1,2004,Black,0,205993,5343677,0.03854892427068477,0.037819964791353834,0.9621800352086461,100000,3781.996479135385,98109.00176043231,1634887.304825474,16.34887304825474,0,1,0,0,0,0,0
1,2004,Black,1,97055,5270241,0.018415666380341998,0.018247645108073418,0.9817523548919266,96218.00352086461,1755.7519812560931,95340.12753023657,1536778.3030650418,15.971837357151102,0.037819964791353855,0.9621800352086461,2.059619542786781e-4,0.037819208240924065,2.060615656074351e-4,0.03822308890951464,0.03741532757233349
1,2004,Black,2,86227,5225129,0.016502367692740216,0.01636731794331791,0.9836326820566821,94462.25153960852,1546.093704590443,93689.2046873133,1441438.1755348053,15.259409468240365,0.055377484603914784,0.9446225153960852,2.0220363363123554e-4,0.05536688289525844,2.0247661961177084e-4,0.05576373706969751,0.054970028720819374
1,2004,Black,3,78950,5201135,0.01517937911628904,0.015065040138457166,0.9849349598615428,92916.15783501808,1399.7856472957792,92216.26501137018,1347748.9708474919,14.505001091850513,0.07083842164981924,0.9291615783501808,1.9889410247029895e-4,0.07082593046709125,1.9946079199281602e-4,0.07121687361939717,0.07043498731478533
1,2004,Black,4,74133,5174105,0.014327695321219806,0.01422578397199171,0.9857742160280083,91516.3721877223,1301.892140642929,90865.42611740084,1255532.7058361217,13.719214123356194,0.08483627812277705,0.915163721877223,1.9589775483328144e-4,0.08483914306523965,1.9810789282940946e-4,0.08522743453518529,0.08445085159529402
1,2004,Black,5,74931,5137685,0.014584584302073794,0.014478999209781435,0.9855210007902185,90214.48004707937,1306.2153853125055,89561.37235442312,1164667.2797187208,12.909981625022136,0.0978551995292063,0.9021448004707937,1.93110955692425e-4,0.09784494600044565,1.9622004967187904e-4,0.09822953729780252,0.09746035470308877
1,2004,Black,6,74096,5122727,0.01446417113385117,0.014360316099054705,0.9856396839009453,88908.26466176687,1276.7507843613857,88269.88926958617,1075105.9073642977,12.09230560796925,0.11091735338233133,0.8890826466176687,1.9031490231755425e-4,0.1108944414671715,1.9414967743499776e-4,0.1112749748349441,0.11051390809939891
1,2004,Black,7,68414,5145510,0.013295863772492911,0.013208057505844431,0.9867919424941556,87631.51387740548,1157.442074616978,87052.79284009698,986836.0180947116,11.26120015997068,0.12368486122594524,0.8763151387740548,1.8758192016191344e-4,0.12365033681554047,1.9259408745524596e-4,0.12402782122695274,0.12327285240412819
1,2004,Black,8,62684,5158389,0.01215185593796823,0.012078468036204574,0.9879215319637954,86474.0718027885,1044.4743122304499,85951.83464667328,899783.2252546146,10.405237159488072,0.135259281972115,0.864740718027885,1.8510432737335817e-4,0.13522410404323998,1.9139736832202986e-4,0.13559924288515116,0.1348489652013288
1,2004,Black,9,58515,5232497,0.011182997333777736,0.011120815309798283,0.9888791846902018,85429.59749055805,950.0467756829021,84954.57410271661,813831.3906079413,9.526339986535563,0.1457040250944195,0.8542959749055805,1.8286855067181588e-4,0.14566586011023008,1.8937209316301652e-4,0.1460370294128296,0.14529469080763058
1,2004,Black,10,54877,5492704,0.009990889732998538,0.009941228872261903,0.9900587711277381,84479.55071487515,839.8305486824247,84059.63544053394,728876.8165052247,8.627849110671042,0.1552044928512485,0.8447955071487515,1.8083490329382415e-4,0.15517589145049107,1.8537754867729256e-4,0.15553923144589857,0.15481255145508357
1,2004,Black,11,53183,5489604,0.009687948347458213,0.009641246398899385,0.9903587536011006,83639.72016619272,806.3911508572637,83236.5245907641,644817.1810646908,7.709461243813758,0.16360279833807279,0.8363972016619272,1.790371821320869e-4,0.1635790804578508,1.821717494352809e-4,0.16393613708674395,0.16322202382895765
1,2004,Black,12,54612,5572557,0.009800168935014932,0.009752381442188852,0.9902476185578112,82833.32901533546,807.8222206838691,82429.41790499352,561580.6564739267,6.779646105614779,0.17166670984664534,0.8283332901533547,1.7731104054458682e-4,0.1716505238484645,1.819055354743235e-4,0.17200705869799415,0.17129398899893483
1,2004,Black,13,56102,5646344,0.009935986897008047,0.009886868996606686,0.9901131310033933,82025.50679465159,810.9754400590027,81620.01907462209,479151.2385689332,5.841490742245263,0.17974493205348407,0.8202550679465159,1.7558183564328462e-4,0.1797372942274714,1.8091300635016708e-4,0.18009188371991772,0.17938270473502507
1,2004,Black,14,57210,5699869,0.010037072781848145,0.009986952895308593,0.9900130471046914,81214.53135459259,811.08569905287,80808.98850506615,397531.21949431114,4.894828706929812,0.1878546864540741,0.8121453135459259,1.7384588103609572e-4,0.18784810222690815,1.7928853550434402e-4,0.18819950775649666,0.18749669669731964
1,2004,Black,15,56108,5810757,0.00965588476682126,0.00960949069939068,0.9903905093006093,80403.44565553972,772.6361632258777,80017.12757392679,316722.2309892449,3.939162412841483,0.19596554344460282,0.8040344565553972,1.7210969041114483e-4,0.19594824735550306,1.778107623360461e-4,0.19629675644968173,0.1955997382613244
1,2004,Black,16,47486,5886801,0.00806652033931502,0.00803411665660555,0.9919658833433944,79630.80949231384,639.7632129211852,79310.92788585325,236705.1034153181,2.972531673662886,0.20369190507686163,0.7963080949231384,1.704558039418639e-4,0.20367329486683655,1.7731544692024194e-4,0.20402083314280023,0.20332575659087287
1,2004,Black,17,28322,5865792,0.0048283334969940975,0.004816705167541305,0.9951832948324587,78991.04627939266,391.9446862136974,78795.0739362858,157394.17552946496,1.9925571687297206,0.21008953720607348,0.7899104627939265,1.6908634212819946e-4,0.21006895615537205,1.7682770056976312e-4,0.2104155384484888,0.2097223738622553
1,2004,Black,18,855,5860352,1.4589567316092958e-4,1.4588503116351673e-4,0.9998541149688365,78599.10159317896,-0,78599.10159317896,78599.10159317896,1,0.21400898406821045,0.7859910159317895,1.6824735471848658e-4,0.21399386411961493,1.7680311476258716e-4,0.21434039822454962,0.21364733001468025
1,2012,Black,0,142625,3380325,0.04219268857284433,0.04132096722207937,0.9586790327779207,100000,4132.096722207934,97933.95163889603,1650802.218992173,16.50802218992173,0,1,0,0,0,0,0
1,2012,Black,1,60007,3383252,0.017736485487927,0.017580576666469887,0.9824194233335302,95867.90327779207,1685.4130234289332,95025.1967660776,1552868.267353277,16.197999687691105,0.04132096722207934,0.9586790327779207,2.428070324770492e-4,0.041300765145957354,2.4357022374655953e-4,0.04177816278450061,0.040823367507414096
1,2012,Black,2,52338,3380997,0.015480049228082722,0.015361153521724506,0.9846388464782755,94182.49025436313,1446.7516918556066,93459.11440843533,1457843.0705871992,15.478918285659395,0.05817509745636873,0.9418249025436313,2.385383448274284e-4,0.0581552506042116,2.390086869184059e-4,0.058623707630571675,0.05768679357785153
1,2012,Black,3,47379,3384617,0.013998334228067755,0.013901038536293611,0.9860989614637063,92735.73856250753,1289.123075449068,92091.17702478298,1364383.9561787639,14.712601391092772,0.0726426143749247,0.9273573856250753,2.348741206917162e-4,0.07261160610756892,2.3612689049109283e-4,0.07307441481293146,0.07214879740220638
1,2012,Black,4,45128,3413262,0.01322137005597578,0.013134541737561798,0.9868654582624382,91446.61548705846,1201.1093878735264,90846.0607931217,1272292.7791539812,13.912956454184314,0.08553384512941542,0.9144661548705846,2.3160912648880258e-4,0.08548338026680843,2.343375147289826e-4,0.08594268179567724,0.08502407873793963
1,2012,Black,5,44769,3438567,0.013019667786028307,0.012935460089515845,0.9870645399104842,90245.50609918493,1167.3671424041677,89661.82252798285,1181446.7183608592,13.091474239862784,0.09754493900815064,0.9024550609918494,2.285670467501352e-4,0.09752152623394188,2.3011555420610953e-4,0.09797255272018585,0.09707049974769791
1,2012,Black,6,42874,3441483,0.01245800139067954,0.012380880875099625,0.9876191191249004,89078.13895678076,1102.865826999463,88526.70604328104,1091784.8958328764,12.256485245640262,0.10921861043219239,0.8907813895678076,2.2561042683912029e-4,0.10919731365835983,2.2887045455340002e-4,0.10964589974928449,0.10874872756743517
1,2012,Black,7,38664,3431749,0.011266558247704013,0.011203446108625094,0.9887965538913749,87975.2731297813,985.6262314010819,87482.46001408076,1003258.1897895954,11.403865587431447,0.12024726870218694,0.8797527312978131,2.228171710202448e-4,0.12024162548289737,2.2597938968792474e-4,0.1206845450866857,0.11979870587910903
1,2012,Black,8,34070,3411777,0.009985998498729548,0.009936386130239862,0.9900636138697602,86989.64689838022,864.3627209155238,86557.46553792246,915775.7297755147,10.527410587668069,0.13010353101619776,0.8698964689838022,2.203208508526432e-4,0.13011214620289108,2.252929270813006e-4,0.13055372033997042,0.12967057206581173
1,2012,Black,9,30123,3364671,0.008952732674309018,0.008912835557251942,0.991087164442748,86125.2841774647,767.620495195355,85741.47392986702,829218.2642375922,9.628046771131157,0.138747158225353,0.861252841774647,2.1813165780602836e-4,0.13874846797395618,2.2327423671207798e-4,0.13918608547791186,0.1383108504700005
1,2012,Black,10,26767,3329106,0.008040296704280369,0.00800810294243258,0.9919918970575674,85357.66368226934,683.552957693144,85015.88720342277,743476.7903077252,8.710135191553533,0.14642336317730664,0.8535766368226934,2.161874862101724e-4,0.14640309707677818,2.2141082226824577e-4,0.14683706228842394,0.1459691318651324
1,2012,Black,11,25280,3334268,0.007581874042518478,0.007553240184671943,0.992446759815328,84674.1107245762,639.5638957262272,84354.32877671308,658460.9031043024,7.776413563363089,0.15325889275423799,0.846741107245762,2.1445623456573567e-4,0.1532392978707231,2.1864553658107878e-4,0.15366784312242202,0.1528107526190242
1,2012,Black,12,25201,3370043,0.007477946127096895,0.007450090439622148,0.9925499095603778,84034.54682884997,626.0649739275977,83721.51434188617,574106.5743275892,6.831792351981748,0.15965453171150035,0.8403454682884997,2.128363951169603e-4,0.15963251393104713,2.1729834268571316e-4,0.16005841868271112,0.15920660917938315
1,2012,Black,13,25153,3395239,0.007408314996381698,0.0073809747035894395,0.9926190252964106,83408.48185492237,615.6358946359833,83100.66390760438,490385.0599857032,5.879318854390143,0.16591518145077633,0.8340848185492237,2.112507447244958e-4,0.16590109891982774,2.1823257483500797e-4,0.16632883476650434,0.16547336307315114
1,2012,Black,14,25955,3429498,0.007568163037272511,0.007539632453448107,0.9924603675465519,82792.84596028639,624.2276283155079,82480.73214612863,407284.3960780989,4.919318708689671,0.17207154039713612,0.8279284596028639,2.0969150832156986e-4,0.17205053845977497,2.1767390020888746e-4,0.17247717930418438,0.17162389761536556
1,2012,Black,15,25061,3453752,0.007256166626903148,0.007229935817406688,0.9927700641825933,82168.61833197088,594.0738367451413,81871.58141359831,324803.6639319703,3.952891876795656,0.17831381668029123,0.8216861833197088,2.0811051142021606e-4,0.17829474616357766,2.1597960556210698e-4,0.1787180661904794,0.17787142613667592
1,2012,Black,16,21869,3457404,0.0063252660088320605,0.006305324581207976,0.993694675418792,81574.54449522574,514.3539806065965,81317.36750492244,242932.08251837175,2.9780378673470826,0.18425455504774257,0.8157454449522574,2.066058857797202e-4,0.1842355277203831,2.1537214132244588e-4,0.18465765711737508,0.1838133983233911
1,2012,Black,17,14138,3476524,0.004066705709496037,0.004058453441604688,0.9959415465583953,81060.19051461914,337.1106771925988,80891.63517602284,161614.71501344937,1.9937618452093606,0.18939809485380854,0.8106019051461915,2.0530316860949108e-4,0.1893880496162632,2.162224276369798e-4,0.1898118455744317,0.18896425365809472
1,2012,Black,18,357,3544118,1.0073028042520029e-4,1.0072520738600736e-4,0.999899274792614,80723.07983742654,-0,80723.07983742654,80723.07983742654,1,0.19276920162573452,0.8072307983742655,2.0444935997962794e-4,0.1927525573448555,2.1888088974371644e-4,0.19318156388875318,0.1923235508009578
1,2004,Hispanic,0,128247,7158925,0.017914281823039075,0.01775524558640303,0.9822447544135969,100000,1775.5245586403034,99112.23772067984,1740028.1844839952,17.400281844839952,0,1,0,0,0,0,0
1,2004,Hispanic,1,73440,6988784,0.010508265815626867,0.010453342564462278,0.9895466574355377,98224.4754413597,1026.7740900031495,97711.08839635813,1640915.9467633152,16.705774598337733,0.017755245586403068,0.9822447544135969,1.4979419566041156e-4,0.01774736925866982,1.5029730517985033e-4,0.01804195197682233,0.017452786540517313
1,2004,Hispanic,2,67399,6886076,0.009787722354502041,0.009740055873199932,0.9902599441268001,97197.70135135655,946.7110419088131,96724.34583040213,1543204.8583669572,15.876968661928334,0.02802298648643453,0.9719770135135655,1.4822834561900518e-4,0.028013551314137096,1.4883578624885231e-4,0.028305269455184846,0.027721833173089346
1,2004,Hispanic,3,62739,6818051,0.009201896553721877,0.00915975300392201,0.990840246996078,96250.99030944773,881.6352976174239,95810.17266063901,1446480.512536555,15.028214337183526,0.03749009690552263,0.9625099030944774,1.4678459325068407e-4,0.03747150004904061,1.4769810700137587e-4,0.037760988338763304,0.037182011759317915
1,2004,Hispanic,4,59471,6706685,0.008867421088063626,0.00882827905413565,0.9911717209458644,95369.35501183031,841.9472792573797,94948.38137220162,1350670.3398759163,14.16251939324083,0.046306449881696854,0.9536935501183031,1.4544008263172667e-4,0.04629403832801053,1.4640229041061614e-4,0.04658098681721534,0.04600708983880572
1,2004,Hispanic,5,57580,6524095,0.008825745179982818,0.008786969403552787,0.9912130305964472,94527.40773257293,830.6094395432883,94112.1030128013,1255721.9585037145,13.284210247849723,0.05472592267427068,0.9452740773257293,1.4415609699659722e-4,0.05472134467321295,1.4534273743733536e-4,0.055006216438590126,0.05443647290783577
1,2004,Hispanic,6,55770,6303090,0.008848041198840568,0.008809069693056755,0.9911909303069433,93696.79829302964,825.3816261795728,93284.10747993985,1161609.8554909134,12.397540541973125,0.06303201706970363,0.9369679829302964,1.4288940178295252e-4,0.06303147189182653,1.4431698759512755e-4,0.06331433318751299,0.06274861059614008
1,2004,Hispanic,7,51600,6136793,0.008408300556984731,0.008373098791369151,0.9916269012086308,92871.41666685007,777.6215466459398,92482.6058935271,1068325.7480109732,11.503278256681382,0.0712858333314993,0.9287141666685007,1.4163067908424731e-4,0.07128673686191875,1.4367250077275162e-4,0.07156833496343334,0.07100513876040415
1,2004,Hispanic,8,46942,5994090,0.007831380576534553,0.00780083492298624,0.9921991650770138,92093.79512020413,718.4084931640245,91734.59087362212,975843.1421174462,10.596187732775489,0.07906204879795875,0.9209379512020412,1.4044479141638621e-4,0.07905808239890628,1.4291950659628798e-4,0.07933820463183501,0.07877796016597756
1,2004,Hispanic,9,44054,5969520,0.007379822833326633,0.007352692050984495,0.9926473079490155,91375.3866270401,671.8550789082656,91039.45908758597,884108.5512438242,9.67556564058571,0.086246133729599,0.913753866270401,1.3934920478275375e-4,0.08624402762826766,1.4170544211612287e-4,0.08652177029481527,0.08596628496172005
1,2004,Hispanic,10,41167,6167330,0.006675011714956067,0.006652807929522609,0.9933471920704774,90703.53154813184,603.4331739191257,90401.81496117228,793069.0921562382,8.743530473622142,0.09296468451868156,0.9070353154813184,1.3832461299243662e-4,0.09295195749830051,1.4115245635772165e-4,0.09322861631276165,0.09267529868383938
1,2004,Hispanic,11,39260,6126913,0.006407794594112891,0.006387330244008705,0.9936126697559913,90100.09837421271,575.4990833337797,89812.34883254583,702667.2771950657,7.798740399557367,0.09899901625787288,0.9010009837421271,1.3740436591027237e-4,0.09899128257968115,1.413516529840893e-4,0.09926833181952996,0.09871423333983234
1,2004,Hispanic,12,40184,6088603,0.006599871924643469,0.006578164403362747,0.9934218355966372,89524.59929087893,588.9075322805729,89230.14552473865,612854.92836252,6.845659552982323,0.10475400709121063,0.8952459929087894,1.3652671884823483e-4,0.10473422392523801,1.4114063818198387e-4,0.1050108595760747,0.10445758827440133
1,2004,Hispanic,13,41948,6029949,0.0069566094174262506,0.006932496083655338,0.9930675039163447,88935.69175859836,616.5463348136545,88627.41859119153,523624.78283778136,5.887678753981884,0.11064308241401644,0.8893569175859836,1.3562862364619943e-4,0.11062941855388835,1.3900947868290695e-4,0.11090187713210685,0.11035695997566984
1,2004,Hispanic,14,42028,5970783,0.007038942798624569,0.007014256324104438,0.9929857436758955,88319.1454237847,619.4931243282917,88009.39886162056,434997.36424658983,4.925289552557687,0.11680854576215294,0.8831914542378471,1.346883787439406e-4,0.11678982069709484,1.3894688646347143e-4,0.11706215659456325,0.11651748479962644
1,2004,Hispanic,15,40575,5945427,0.006824572902837761,0.006801364698226844,0.9931986353017731,87699.65229945641,596.4773191962886,87401.41363985828,346987.9653849694,3.9565489290670777,0.1230034770054359,0.8769965229945641,1.3374363993155254e-4,0.12300538853855117,1.366478824219133e-4,0.12327321838809811,0.12273755868900423
1,2004,Hispanic,16,34229,5938596,0.005763820269976271,0.005747257191228486,0.9942527428087715,87103.17498026013,500.604348784138,86852.87280586806,259586.5517451109,2.980219168864281,0.12896825019739877,0.8710317498026012,1.3283400066030972e-4,0.12897838233118505,1.3563890310708997e-4,0.12924423458127496,0.12871253008109515
1,2004,Hispanic,17,20931,5901688,0.0035466124268175477,0.003540334329952698,0.9964596656700473,86602.57063147599,314.30821580596967,86445.416523573,172733.67893924285,1.99455602391163,0.13397429368524016,0.8660257063147598,1.320705694947751e-4,0.13399212559330115,1.3556199324460532e-4,0.13425782710006057,0.13372642408654173
1,2004,Hispanic,18,529,5923640,8.930319870890196e-5,8.929921135629382e-5,0.9999107007886437,86288.26241567002,-0,86288.26241567002,86288.26241567002,1,0.13711737584329986,0.8628826241567001,1.3159124347990396e-4,0.13713508054162754,1.3504299301851584e-4,0.13739976480794383,0.13687039627531125
1,2012,Hispanic,0,89734,4458804,0.020125127724833835,0.01992463481457682,0.9800753651854232,100000,1992.4634814576857,99003.76825927116,1753175.175593936,17.531751755939357,0,1,0,0,0,0,0
1,2012,Hispanic,1,43771,4489524,0.009749585924922108,0.009702289273452121,0.9902977107265479,98007.53651854231,950.8974702813139,97532.08778340166,1654171.4073346648,16.87800210162111,0.019924634814576847,0.9800753651854232,1.672956858307438e-4,0.01991386307861929,1.6766886168260897e-4,0.020242494047517202,0.019585232109721375
1,2012,Hispanic,2,40084,4505369,0.008896940516969864,0.008857538022513314,0.9911424619774867,97056.639048261,859.6828707073291,96626.79761290734,1556639.3195512635,16.038463054312352,0.029433609517390047,0.97056639048261,1.6567253469261333e-4,0.02942947123474997,1.6632380756144015e-4,0.029755465897570395,0.02910347657192955
1,2012,Hispanic,3,37263,4516779,0.00824990551895499,0.008216014845844714,0.9917839851541553,96196.95617755367,790.3556200798339,95801.77836751376,1460012.521938356,15.177325561565235,0.03803043822446328,0.9619695617755367,1.6420508391728735e-4,0.03803991648840208,1.646675800802446e-4,0.038362664945359365,0.0377171680314448
1,2012,Hispanic,4,36368,4559736,0.0079759003591436,0.007944219208723612,0.9920557807912764,95406.60055747384,757.9309487877035,95027.63508307998,1364210.7435708423,14.298913655864187,0.04593399442526158,0.9540660055747384,1.6285597251005979e-4,0.04595640637920777,1.6351637415086033e-4,0.04627689847254345,0.04563591428587208
1,2012,Hispanic,5,36093,4595830,0.007853423647088773,0.007822706134418638,0.9921772938655814,94648.66960868613,740.4087283624249,94278.46524450491,1269183.1084877623,13.409413082455902,0.05351330391313869,0.9464866960868613,1.6156220896499e-4,0.053528272608939866,1.6305104570884052e-4,0.05384785265852919,0.05320869255935054
1,2012,Hispanic,6,34685,4582856,0.007568424580654509,0.007539892028572245,0.9924601079714278,93908.26088032371,708.0581476286461,93554.23180650939,1174904.6432432572,12.511195844000888,0.06091739119676287,0.9390826088032371,1.6029835528182936e-4,0.060919247067484306,1.6196196032781598e-4,0.061236692509726826,0.060601801625241786
1,2012,Hispanic,7,31910,4566256,0.006988219670557235,0.006963887084204547,0.9930361129157954,93200.20273269506,649.0356880554609,92875.68488866734,1081350.411436748,11.60244698756868,0.06799797267304941,0.9320020273269506,1.5908972299064663e-4,0.06799973323166701,1.605409145656326e-4,0.06831439342421565,0.06768507303911837
1,2012,Hispanic,8,29129,4547757,0.00640513554264223,0.006384688146155416,0.9936153118538446,92551.1670446396,590.9103391427634,92255.71187506823,988474.7265480806,10.680305371744431,0.07448832955360396,0.925511670446396,1.5798184012348238e-4,0.07449121299122485,1.587793361389754e-4,0.07480242049005724,0.07418000549239247
1,2012,Hispanic,9,25855,4483345,0.005766899491339614,0.005750318736242077,0.9942496812637579,91960.25670549684,528.8007871232403,91695.85631193522,896219.0146730123,9.745721105837688,0.08039743294503165,0.9196025670549683,1.5697317534153817e-4,0.0803992869627937,1.5742671513218842e-4,0.0807078433244528,0.08009073060113461
1,2012,Hispanic,10,23741,4406556,0.005387654213403846,0.005373179796020144,0.9946268202039799,91431.4559183736,491.27765166132303,91185.81709254294,804523.1583610771,8.799194437845589,0.08568544081626406,0.9143145591837359,1.560705295502843e-4,0.08568345017020473,1.563642605508517e-4,0.08598992412088441,0.08537697621952506
1,2012,Hispanic,11,22544,4352047,0.005180091115743924,0.00516670910378086,0.9948332908962192,90940.17826671228,469.8614469500608,90705.24754323724,713337.3412685342,7.844028402676268,0.0905982173328772,0.9094017826671228,1.5523193453415056e-4,0.09060172697193633,1.5562105156520907e-4,0.09090674423300414,0.09029670971086852
1,2012,Hispanic,12,22394,4314939,0.005189876380639448,0.005176443828857901,0.9948235561711422,90470.31681976221,468.31451319648477,90236.15956316396,622632.0937252969,6.8821699272450205,0.0952968318023778,0.9047031681976222,1.5442989628479547e-4,0.09529849394368754,1.5491683063071642e-4,0.09560213093172375,0.09499485695565134
1,2012,Hispanic,13,22415,4266869,0.005253266505252446,0.005239504249164315,0.9947604957508357,90002.00230656573,471.5658735185425,89766.21936980647,532395.934162133,5.915378775115253,0.09997997693434268,0.9000200230656573,1.5363049860118086e-4,0.09997862686141554,1.5415090830812702e-4,0.10028076264169947,0.09967649108113161
1,2012,Hispanic,14,22014,4225436,0.005209876566583898,0.0051963404204895475,0.9948036595795104,89530.43643304719,465.23062570112234,89297.82112019663,442629.71479232644,4.943902123422961,0.10469563566952811,0.8953043643304719,1.5282555095095875e-4,0.10469756595287365,1.5362510850017695e-4,0.10499867116553399,0.1043964607402133
1,2012,Hispanic,15,21031,4191650,0.00501735593382081,0.005004800501074981,0.994995199498925,89065.20580734606,445.7535866529506,88842.32901401959,353331.89367212984,3.967114772478156,0.1093479419265394,0.8906520580734606,1.5203141736326868e-4,0.10934088271283822,1.5285796105777606e-4,0.10964048431651147,0.10904128110916497
1,2012,Hispanic,16,18427,4151974,0.004438129911218134,0.004428303218732633,0.9955716967812673,88619.45222069311,392.43380551121663,88423.2353179375,264489.5646581102,2.984554271441891,0.11380547779306882,0.8861945222069312,1.5127053044946986e-4,0.11379367579590308,1.5183402844636418e-4,0.11409127049165795,0.11349608110014821
1,2012,Hispanic,17,11902,4125039,0.002885306054076095,0.0028811495549492983,0.9971188504450507,88227.0184151819,258.4716601272812,88097.78258511826,176066.32934017276,1.9956055696185204,0.11772981584818099,0.882270184151819,1.5060065867258108e-4,0.11771313617770167,1.5094050969007578e-4,0.11800897957669422,0.11741729277870912
1,2012,Hispanic,18,201,4134787,4.8611935753885266e-5,4.8610754222454663e-5,0.9999513892457775,87968.54675505462,-0,87968.54675505462,87968.54675505462,1,0.12031453244945378,0.8796854675505462,1.5015945593262013e-4,0.1202970088765595,1.504679530590051e-4,0.12059192606455515,0.12000209168856385
1,2004,White,0,298216,17049801,0.0174908786325424,0.017339239366869146,0.9826607606331309,100000,1733.923936686915,99133.03803165654,1758402.3974823435,17.584023974823435,0,1,0,0,0,0,0
1,2004,White,1,164548,17074779,0.00963690364601498,0.009590691361739106,0.9904093086382609,98266.07606331308,942.4396068524075,97794.85625988687,1659269.359450687,16.885474885367515,0.017339239366869097,0.9826607606331309,8.221622262802231e-5,0.017342432548068533,8.253630217323545e-5,0.017504203700328073,0.017180661395808993
1,2004,White,2,156500,17221724,0.009087359662714371,0.009046256370096277,0.9909537436299037,97323.63645646068,880.4145662551891,96883.42917333308,1561474.5031908,16.044144670748626,0.026763635435393174,0.9732363645646068,8.142771221186893e-5,0.026765338793181104,8.185160671268126e-5,0.026925767942337957,0.02660490964402425
1,2004,White,3,146824,17440479,0.008418576118236203,0.008383288442299887,0.9916167115577001,96443.22189020549,808.5113474103273,96038.96621650032,1464591.074017467,15.186044652104338,0.03556778109794512,0.9644322189020549,8.069109625156994e-5,0.035572213122228115,8.135412709792453e-5,0.035731667211340044,0.035412759033116185
1,2004,White,4,138983,17589474,0.007901486991595087,0.007870393087296082,0.9921296069127039,95634.71054279516,752.6827647615719,95258.36916041438,1368552.1078009668,14.310202854522776,0.04365289457204835,0.9563471054279516,8.001463951696764e-5,0.04365032527901822,8.084539066665314e-5,0.04380878224472486,0.04349186831331158
1,2004,White,5,132211,17707412,0.007466421405906182,0.007438651353059404,0.9925613486469406,94882.02777803359,705.7943243120826,94529.13061587754,1273293.7386405522,13.419756812315262,0.05117972221966416,0.9488202777803358,7.938489285123081e-5,0.05117817643963305,8.101156628638772e-5,0.051336959109554374,0.05101939376971173
1,2004,White,6,125491,17709354,0.0070861421596744864,0.007061124095101989,0.992938875904898,94176.2334537215,664.9900712260278,93843.73841810849,1178764.6080246747,12.516582632325418,0.05823766546278497,0.941762334537215,7.879437631061053e-5,0.05823965199640391,8.119634993108105e-5,0.05839879684226883,0.05808050715053899
1,2004,White,7,118656,17813761,0.006660917927438232,0.00663880765098859,0.9933611923490114,93511.24338249548,620.8031580211682,93200.84180348489,1084920.8696065661,11.602036614665037,0.06488756617504521,0.9351124338249548,7.823799944148514e-5,0.06489240058419199,8.148152907903974e-5,0.0650521043811869,0.06473269678719708
1,2004,White,8,111492,17922192,0.006220890837460061,0.006201601095743016,0.993798398904257,92890.44022447431,576.0694558801479,92602.40549653424,991720.0278030813,10.676233478994622,0.07109559775525687,0.9289044022447431,7.771859241219497e-5,0.07110242330157246,8.11689902589809e-5,0.07126151452248006,0.07094333208066486
1,2004,White,9,106496,18118996,0.005877588360856198,0.005860365951502742,0.9941396340484973,92314.37076859416,540.995995286663,92043.87277095084,899117.6223065471,9.739736238471245,0.07685629231405833,0.9231437076859417,7.723661270433191e-5,0.07686497100859842,8.113943694044467e-5,0.07702400430500168,0.07670593771219515
1,2004,White,10,102733,18778624,0.005470741626223519,0.005455817941065876,0.9945441820589341,91773.3747733075,500.6988246003748,91523.02536100731,807073.7495355962,8.794203673224137,0.08226625226692497,0.917733747733075,7.678397788903003e-5,0.08227354296160894,8.025307392559208e-5,0.0824308389865031,0.08211624693671478
1,2004,White,11,99189,18848142,0.005262534630734425,0.005248723835259318,0.9947512761647407,91272.67594870712,479.06506975987577,91033.14341382719,715550.724174589,7.839703577626123,0.08727324051292873,0.9127267594870713,7.636505848487666e-5,0.08727666138524519,7.981676200297599e-5,0.08743310223877102,0.08712022053171936
1,2004,White,12,100717,19185794,0.005249561211800773,0.0052358183373728195,0.9947641816626271,90793.61087894725,475.3788527562865,90555.9214525691,624517.5807607619,6.878430923883123,0.0920638912105275,0.9079361087894725,7.596423938222612e-5,0.09206922091753544,8.020308909862423e-5,0.09222641897216875,0.09191202286290213
1,2004,White,13,106042,19457157,0.005450025407103412,0.0054352143788744525,0.9945647856211256,90318.23202619096,490.8989533832646,90072.78254949933,533961.6593081926,5.912003006805442,0.09681767973809041,0.9031823202619096,7.556650442468407e-5,0.0968194979527313,7.956665863579226e-5,0.09697544860365745,0.09666354730180515
1,2004,White,14,109898,19706967,0.005576606486426856,0.005561100452000706,0.9944388995479992,89827.3330728077,499.5388225532224,89577.56366153108,443888.87675869325,4.941579156078342,0.10172666927192298,0.898273330728077,7.515578427327376e-5,0.1017304350796403,7.916678056380194e-5,0.10188560196954535,0.10157526818973525
1,2004,White,15,107148,20056190,0.0053423905537392695,0.005328158003246582,0.9946718419967534,89327.79425025448,475.95260184684594,89089.81794933105,354311.3130971623,3.9664173516313252,0.10672205749745522,0.8932779425025448,7.473783540738118e-5,0.1067229920570953,7.809629304020632e-5,0.1068760607914541,0.1065699233227365
1,2004,White,16,88835,20311531,0.0043736240266674135,0.004364080602778102,0.9956359193972218,88851.84164840763,387.75659865894704,88657.96334907816,265221.4951478311,2.9849859071838867,0.11148158351592374,0.8885184164840763,7.433962041151002e-5,0.1114828143785872,7.725602129742226e-5,0.11163423618033015,0.11133139257684425
1,2004,White,17,54677,20393472,0.0026811030510155405,0.0026775137059324846,0.9973224862940675,88464.08504974868,243.09220049613214,88342.53894950062,176563.53179875304,1.9958781204763576,0.11535914950251314,0.8846408504974869,7.401519631605425e-5,0.115359329680113,7.722565359337339e-5,0.11551069196115601,0.11520796739907
1,2004,White,18,1453,20581469,7.05974874776917e-5,7.059499556303408e-5,0.9999294050044369,88220.99284925255,-0,88220.99284925255,88220.99284925255,1,0.11779007150747445,0.8822099284925256,7.381180850129864e-5,0.11778868435782026,7.765059118439658e-5,0.11794087951654168,0.11763648919909885
1,2012,White,0,211277,10325493,0.020461686429887656,0.020254466162180008,0.97974553383782,100000,2025.4466162180033,98987.27669189099,1764035.2186316533,17.640352186316534,0,1,0,0,0,0,0
1,2012,White,1,93992,10369476,0.009064296016500738,0.009023400629310962,0.990976599370689,97974.553383782,884.063646659677,97532.52156045215,1665047.9419397623,16.994697954044284,0.020254466162180074,0.9797455338378199,1.0139558715457563e-4,0.02025604141188413,1.0166237081047559e-4,0.02045529965867266,0.0200567831650956
1,2012,White,2,87406,10384931,0.00841661827122395,0.00838134697219214,0.9916186530278078,97090.48973712232,813.7490821868705,96683.61519602888,1567515.4203793101,16.144891478284247,0.029095102628776792,0.9709048973712232,1.0048065414963568e-4,0.02909271236646529,1.0057137060679431e-4,0.029289832252854604,0.028895592480075973
1,2012,White,3,80902,10409430,0.007771991357836116,0.007741906343239698,0.9922580936567603,96276.74065493545,745.3655091828987,95904.05790034399,1470831.8051832814,15.277125037446746,0.03723259345064556,0.9627674065493544,9.963849092321476e-5,0.037225476443992454,9.990195142915988e-5,0.037421284268793605,0.037029668619191304
1,2012,White,4,77085,10509933,0.007334490143752582,0.007307691049763543,0.9926923089502364,95531.37514575255,698.1137751242204,95182.31825819044,1374927.7472829374,14.392420764227516,0.044686248542474494,0.9553137514575255,9.886709905830548e-5,0.0446796822230332,9.915106389428453e-5,0.044874018308266,0.044485346137800405
1,2012,White,5,73922,10628735,0.006954919846999666,0.0069308182044566045,0.9930691817955434,94833.26137062833,657.2720942955493,94504.62532348055,1279745.4290247466,13.494689632398408,0.0516673862937167,0.9483326137062833,9.814460884340102e-5,0.05165736684243973,9.88429846673227e-5,0.051851099092387685,0.05146363459249178
1,2012,White,6,70329,10737176,0.0065500463064030985,0.006528664778095345,0.9934713352219047,94175.98927633278,614.8434641306812,93868.56754426744,1185240.8037012664,12.585382036428763,0.05824010723667217,0.9417598927633278,9.746438640175989e-5,0.058234693835549446,9.890082842121809e-5,0.05842853945925503,0.05804084821184386
1,2012,White,7,65263,10859989,0.0060094904331855215,0.005991487539660452,0.9940085124603395,93561.1458122021,560.5704393301567,93280.86059253702,1091372.236156999,11.664801950455205,0.06438854187797904,0.935611458122021,9.682807409514003e-5,0.06437807486594287,9.849894897338135e-5,0.0645711328059307,0.06418501692595503
1,2012,White,8,59979,11006202,0.005449563800482673,0.005434755277669837,0.9945652447223302,93000.57537287194,505.43536783404124,92747.85768895491,998091.3755644619,10.732098931245998,0.06999424627128059,0.9300057537287194,9.62479298957097e-5,0.06997947439918653,9.836165667558166e-5,0.07017226324627067,0.06978668555210239
1,2012,White,9,55456,11080114,0.005005002656109856,0.004992508895967372,0.9950074911040326,92495.1400050379,461.78280930889014,92264.24860038346,905343.517875507,9.788011757441483,0.07504859994962099,0.924951400050379,9.57248459507442e-5,0.07503708513034832,9.754931504240163e-5,0.07522828178783142,0.07484588847286522
1,2012,White,10,51212,11127515,0.004602285415926197,0.004591719214738188,0.9954082807852618,92033.35719572901,422.591334632496,91822.06152841277,813079.2692751235,8.834614905397105,0.07966642804270985,0.9203335719572902,9.524693880577001e-5,0.07966390829384758,9.688893239853043e-5,0.07985381060134869,0.07947400598634646
1,2012,White,11,47663,11232438,0.004243335240310252,0.004234351354149792,0.9957656486458502,91610.76586109652,387.9121704786521,91416.8097758572,721257.2077467109,7.873061653477568,0.0838923413890349,0.9161076586109651,9.480959160671055e-5,0.08388876295913972,9.61693450249413e-5,0.0840772548753886,0.08370027104289084
1,2012,White,12,47810,11371158,0.0042044970266001055,0.004195676671555041,0.9958043233284449,91222.85369061786,382.7415991424059,91031.48289104666,629840.3979708536,6.904414546238119,0.08777146309382133,0.9122285369061787,9.440813448410428e-5,0.08776846828118315,9.617282132581704e-5,0.08795696701098175,0.08757996955138454
1,2012,White,13,48876,11461509,0.004264359954697065,0.004255286917134477,0.9957447130828655,90840.11209147546,386.5507405338867,90646.83672120851,538808.9150798068,5.931398615374114,0.09159887908524544,0.9084011209147546,9.401202847664428e-5,0.09159334033219321,9.709162590011361e-5,0.09178363991895744,0.09140304074542899
1,2012,White,14,49338,11562660,0.004267011224060899,0.004257926913096194,0.9957420730869038,90453.56135094157,385.1446532615664,90260.98902431078,448162.07835859846,4.954609544004796,0.09546438649058431,0.9045356135094157,9.361198032181435e-5,0.09546100211727208,9.705581734439475e-5,0.09565123151926709,0.09527077271527708
1,2012,White,15,48187,11682227,0.004124812846043824,0.004116323314400969,0.9958836766855991,90068.41669768,370.75072354383883,89883.04133590808,357901.08933428756,3.9736580530287755,0.0993158330231999,0.9006841669768001,9.321338735141387e-5,0.09931481550659264,9.69468987594093e-5,0.09950483142816109,0.0991247995850242
1,2012,White,16,40432,11766632,0.003436157432305183,0.0034302639687896204,0.9965697360312104,89697.66597413617,307.6866716756049,89543.82263829836,268018.04799837945,2.988015854009635,0.10302334025863835,0.8969766597413616,9.282969091184496e-5,0.10302327904619009,9.629208715533207e-5,0.10321201153701454,0.10283454655536564
1,2012,White,17,26412,11854250,0.002228061665647342,0.002225582298345998,0.997774417701654,89389.97930246056,203.82216322670865,89288.0682208472,178474.2253600812,1.9965797816799418,0.10610020697539435,0.8938997930246056,9.251126056787619e-5,0.10609979650443746,9.607086134588366e-5,0.10628809539267539,0.10591149761619953
1,2012,White,18,656,11995659,5.468644948976959e-5,5.4684954226776006e-05,0.9999453150457732,89186.15713923385,-0,89186.15713923385,89186.15713923385,1,0.10813842860766143,0.8918615713923386,9.230032142907213e-5,0.10813921642329238,9.622789607344883e-5,0.10832782309959635,0.10795060974698842
1,2004,Total,0,657676,31887374,0.02062496585639194,0.020414442269004192,0.9795855577309958,100000,2041.4442269004212,98979.2778865498,1737428.62698556,17.3742862698556,0,1,0,0,0,0,0
1,2004,Total,1,348084,31647876,0.010998652800586048,0.010938498427404658,0.9890615015725953,97958.55577309958,1071.5195082748833,97422.79601896214,1638449.34909901,16.72594431561582,0.02041444226900424,0.9795855577309958,6.612488552796258e-5,0.02041444226900424,6.612488552796258e-5,0.02054404704463905,0.020284837493369432
1,2004,Total,2,321890,31647120,0.010171225691310931,0.010119760507280149,0.9898802394927199,96887.0362648247,980.4736032601941,96396.79946319459,1541026.553080048,15.905394699739876,0.031129637351753003,0.968870362648247,6.540157857160265e-5,0.031129637351753003,6.540157857160265e-5,0.03125782444575335,0.031001450257752663
1,2004,Total,3,299519,31788227,0.009422324812264616,0.009378142858191765,0.9906218571418083,95906.5626615645,899.4254456782801,95456.84993872535,1444629.7536168534,15.062887392958386,0.040934373384355016,0.959065626615645,6.473973025965997e-5,0.040934373384355016,6.473973025965997e-5,0.04106126325566395,0.04080748351304608
1,2004,Total,4,282669,31782687,0.00889380435329461,0.008854429571161641,0.9911455704288383,95007.13721588622,841.2340052357467,94586.52021326835,1349172.903678128,14.200753156180058,0.04992862784113783,0.9500713721588622,6.413259182068407e-5,0.04992862784113783,6.413259182068407e-5,0.05005432772110637,0.04980292796116929
1,2004,Total,5,274745,31647297,0.008681468120326358,0.008643947044973992,0.991356052955026,94165.90321065047,813.9650807950093,93758.92067025296,1254586.3834648598,13.323149257734322,0.0583409678934953,0.9416590321065047,6.356473430319177e-5,0.0583409678934953,6.356473430319177e-5,0.05846555477272956,0.05821638101426104
1,2004,Total,6,264945,31373970,0.008444739381085658,0.008409232492687805,0.9915907675073122,93351.93812985547,785.0181513769494,92959.42905416699,1160827.4627946068,12.434958352764562,0.0664806187014454,0.9335193812985546,6.301528410594713e-5,0.0664806187014454,6.301528410594713e-5,0.06660412865829304,0.06635710874459774
1,2004,Total,7,247381,31304647,0.007902373088570525,0.007871272223673939,0.9921287277763261,92566.91997847852,728.6194260576449,92202.6102654497,1067868.0337404397,11.536173332641026,0.07433080021521488,0.9256691997847851,6.248537393130746e-5,0.07433080021521488,6.248537393130746e-5,0.07445327154812025,0.07420832888230951
1,2004,Total,8,229578,31244714,0.0073477388847278296,0.007320843063105943,0.992679156936894,91838.30055242087,672.3337855266291,91502.13365965756,975665.4234749901,10.623731249448424,0.0816169944757913,0.9183830055242087,6.199353454309608e-5,0.0816169944757913,6.199353454309608e-5,0.08173850180349576,0.08149548714808683
1,2004,Total,9,216834,31477976,0.006888435266613075,0.0068647914309177376,0.9931352085690822,91165.96676689424,625.8353474527103,90853.04909316788,884163.2898153325,9.698392077342673,0.08834033233105754,0.9116596676689425,6.153968960577885e-5,0.08834033233105754,6.153968960577885e-5,0.08846095012268486,0.08821971453943021
1,2004,Total,10,206111,32668363,0.006309192780795291,0.0062893524123772675,0.9937106475876227,90540.13141944153,569.4387939598237,90255.41202246162,793310.2407221646,8.761973594306253,0.09459868580558473,0.9054013141944153,6.111723247191175e-5,0.09459868580558473,6.111723247191175e-5,0.09471847558122967,0.09447889602993978
1,2004,Total,11,198552,32660901,0.006079195426972452,0.0060607731148705326,0.9939392268851295,89970.69262548171,545.2919549907965,89698.04664798631,703054.828699703,7.814264936542037,0.10029307374518293,0.8997069262548171,6.0732844658426705e-5,0.10029307374518293,6.0732844658426705e-5,0.10041211012071344,0.10017403736965241
1,2004,Total,12,202566,33057867,0.006127618578657843,0.006108902067755054,0.993891097932245,89425.40067049091,546.2910150657844,89152.25516295803,613356.7820517167,6.858865349810119,0.10574599329509093,0.8942540067049091,6.0364756666331304e-5,0.10574599329509093,6.0364756666331304e-5,0.10586430821815694,0.10562767837202493
1,2004,Total,13,211433,33349798,0.006339858490297302,0.0063198250919142196,0.9936801749080858,88879.10965542513,561.7004273473576,88598.25944175145,524204.5268887586,5.897949798563959,0.11120890344574874,0.8887910965542513,5.9995994279512826e-5,0.11120890344574874,5.9995994279512826e-5,0.11132649559453658,0.1110913112969609
1,2004,Total,14,216486,33598295,0.0064433626765882015,0.006422670877679576,0.9935773291223204,88317.40922807777,567.2336522412807,88033.79240195712,435606.2674470071,4.93228086347125,0.1168259077192223,0.8831740922807777,5.9616830089450816e-5,0.1168259077192223,5.9616830089450816e-5,0.11694275670619762,0.11670905873224698
1,2004,Total,15,210835,34060449,0.0061900240951022105,0.006170925007858355,0.9938290749921417,87750.17557583649,541.4997529048851,87479.42569938404,347572.47504505015,3.9609319612661853,0.12249824424163513,0.8775017557583649,5.923393081101573e-5,0.12249824424163513,5.923393081101573e-5,0.12261434274602473,0.12238214573724554
1,2004,Total,16,176566,34409057,0.005131381542946673,0.005118249696933155,0.9948817503030668,87208.6758229316,446.35577860067133,86985.49793363127,260093.04934566605,2.982421724574269,0.12791324177068397,0.872086758229316,5.8868402666060285e-5,0.12791324177068397,5.8868402666060285e-5,0.12802862383990946,0.1277978597014585
1,2004,Total,17,107668,34451270,0.00312522586250086,0.003120349963298183,0.9968796500367019,86762.32004433093,278.0591177513852,86623.29048545525,173107.55141203484,1.9951927440804498,0.13237679955669068,0.8676232004433093,5.856709948195578e-5,0.13237679955669068,5.856709948195578e-5,0.13249159107167532,0.13226200804170604
1,2004,Total,18,2944,34735265,8.475536317342044e-5,8.475177158983009e-5,0.9999152482284102,86484.26092657955,-0,86484.26092657955,86484.26092657955,1,0.13515739073420452,0.8648426092657955,5.8379401458172076e-5,0.13515739073420452,5.8379401458172076e-5,0.13527181436106253,0.1350429671073465
1,2012,Total,0,462710,19752090,0.023425875439004176,0.02315466627500914,0.9768453337249908,100000,2315.466627500922,98842.26668624954,1746112.5187595766,17.461125187595766,0,1,0,0,0,0,0
1,2012,Total,1,206564,19845600,0.010408554037166928,0.010354665489524677,0.9896453345104753,97684.53337249908,1011.4906665725284,97178.78803921281,1647270.252073327,16.863163442587314,0.023154666275009173,0.9768453337249908,7.877995113344144e-5,0.023154666275009173,7.877995113344144e-5,0.023309074979230716,0.02300025757078763
1,2012,Total,2,187730,19884766,0.009440895608225915,0.009396539732877593,0.9906034602671224,96673.04270592655,908.3920868844143,96218.84666248434,1550091.4640341143,16.034371326755455,0.033269572940734515,0.9667304270592655,7.796421109217355e-5,0.033269572940734515,7.796421109217355e-5,0.033422382794475174,0.03311676308699386
1,2012,Total,3,172936,19932146,0.008676235865420613,0.008638759906155343,0.9913612400938446,95764.65061904214,827.2878241947619,95351.00670694475,1453872.61737163,15.181725281442603,0.042353493809578646,0.9576465061904214,7.72316172849035e-5,0.042353493809578646,7.72316172849035e-5,0.042504867779457056,0.042202119839700236
1,2012,Total,4,165556,20114627,0.008230627393687191,0.00819689460106385,0.9918031053989361,94937.36279484737,778.1915565323143,94548.26701658122,1358521.6106646853,14.309662399200514,0.050626372051526314,0.9493736279484737,7.656443188601512e-5,0.050626372051526314,7.656443188601512e-5,0.0507764383380229,0.050476305765029726
1,2012,Total,5,161660,20306660,0.007960934983891985,0.007929372374922073,0.9920706276250779,94159.17123831506,746.6231312626624,93785.85967268373,1263973.343648104,13.423794273305695,0.058408287616849464,0.9415917123831505,7.593684130765513e-5,0.058408287616849464,7.593684130765513e-5,0.05855712382581247,0.05825945140788646
1,2012,Total,6,154366,20417274,0.007560558769990548,0.007532085382891579,0.9924679146171084,93412.5481070524,703.5912881757831,93060.7524629645,1170187.4839754202,12.527090928237662,0.06587451892947604,0.934125481070524,7.533470981595137e-5,0.06587451892947604,7.533470981595137e-5,0.06602217496071532,0.06572686289823677
1,2012,Total,7,141897,20519344,0.00691527955279662,0.006891451396331548,0.9931085486036685,92708.95681887661,638.8992699218943,92389.50718391567,1077126.7315124557,11.618367507001658,0.07291043181123391,0.9270895681887661,7.476728234932226e-5,0.07291043181123391,7.476728234932226e-5,0.07305697568463858,0.07276388793782924
1,2012,Total,8,128600,20630289,0.006233553005486254,0.0062141847803790645,0.993785815219621,92070.05754895472,572.1403503493348,91783.98737378005,984737.22432854,10.6955208951069,0.0792994245104528,0.9207005754895472,7.42520272569761e-5,0.0792994245104528,7.42520272569761e-5,0.07944495848387648,0.07915389053702912
1,2012,Total,9,116561,20582449,0.005663125899158065,0.005647135678998168,0.9943528643210018,91497.91719860538,516.7011527662689,91239.56662222225,892953.23695476,9.759273918951791,0.08502082801394617,0.9149791719860538,7.379061143928352e-5,0.08502082801394617,7.379061143928352e-5,0.08516545761236717,0.08487619841552517
1,2012,Total,10,106205,20497765,0.005181296595019018,0.0051679083620192676,0.9948320916379807,90981.21604583912,470.1825871899782,90746.12475224413,801713.6703325377,8.811859251569135,0.0901878395416088,0.9098121604583912,7.337390584464965e-5,0.0901878395416088,7.337390584464965e-5,0.09033165239706432,0.09004402668615329
1,2012,Total,11,99733,20547761,0.004853716178614302,0.0048419654156771205,0.9951580345843228,90511.03345864914,438.2512937439751,90291.90781177714,710967.5455802938,7.855037318793916,0.09488966541350863,0.9051103345864914,7.299471622308106e-5,0.09488966541350863,7.299471622308106e-5,0.09503273505730586,0.0947465957697114
1,2012,Total,12,99393,20671946,0.004808110470102814,0.004796579228697724,0.9952034207713023,90072.78216490516,432.041236003206,89856.76154690355,620675.6377685165,6.890823430236497,0.09927217835094837,0.9007278216490516,7.264127833160174e-5,0.09927217835094837,7.264127833160174e-5,0.09941455525647831,0.09912980144541843
1,2012,Total,13,100541,20717878,0.004852861861625018,0.0048411152298915815,0.9951588847701084,89640.74092890196,433.96115612967697,89423.76035083711,530818.876221613,5.921625264595136,0.10359259071098048,0.8964074092890195,7.229284868481031e-5,0.10359259071098048,7.229284868481031e-5,0.10373428469440271,0.10345089672755825
1,2012,Total,14,101266,20797068,0.004869244068442725,0.004857418091328152,0.9951425819086719,89206.77977277228,433.3146259373898,88990.12245980359,441395.1158707758,4.947999658715386,0.10793220227227718,0.8920677977277228,7.194287067403004e-5,0.10793220227227718,7.194287067403004e-5,0.10807321029879828,0.10779119424575608
1,2012,Total,15,98007,20908362,0.004687454713095172,0.004676494285505494,0.9953235057144945,88773.46514683489,415.14860246368335,88565.89084560305,352404.9934109722,3.9697109133689907,0.11226534853165115,0.8877346514683488,7.159341407247591e-5,0.11226534853165115,7.159341407247591e-5,0.11240567162323321,0.1121250254400691
1,2012,Total,16,84119,20957390,0.004013810880076193,0.004005771675109865,0.9959942283248902,88358.3165443712,353.94324167384184,88181.34492353429,263839.1025653692,2.986013234338572,0.11641683455628793,0.8835831654437121,7.125860788068616e-5,0.11641683455628793,7.125860788068616e-5,0.11655650142773408,0.11627716768484178
1,2012,Total,17,54799,21049513,0.0026033381389868734,0.002599953859465897,0.9974000461405341,88004.37330269736,233.99264237325406,87887.37698151074,175657.75764183485,1.996011687256125,0.1199562669730263,0.8800437330269737,7.097316216762995e-5,0.1199562669730263,7.097316216762995e-5,0.12009537437087486,0.11981715957517775
1,2012,Total,18,1259,21311300,5.9076640092345374e-5,5.907489511918665e-5,0.9999409251048809,87770.38066032411,-0,87770.38066032411,87770.38066032411,1,0.1222961933967589,0.8777038066032411,7.078445338953244e-5,0.1222961933967589,7.078445338953244e-5,0.12243493092540239,0.12215745586811541
